,1385_at,31622_f_at,32821_at,33919_at,34407_at,35766_at,36130_f_at,37157_at,39081_at,39594_f_at,39640_at,40087_at,40103_at,40445_at,40567_at,40767_at,40848_g_at,41165_g_at,41176_at,41209_at,41423_at,41454_at,41745_at,41771_g_at,41792_at,41827_f_at,575_s_at,677_s_at,700_s_at,870_f_at,927_s_at,973_at,988_at,632_at,179_at,41296_s_at,41416_at,39916_r_at,1199_at,39155_at,553_g_at,36681_at,41106_at,38080_at,1180_g_at,41171_at,32749_s_at
0,20.0,20.0,20.0,20.0,559.9,423.1,20.0,20.0,20.0,20.0,320.2,20.0,20.0,22.1,20.0,283.4,20.0,20.0,132.3,52.4,204.0,214.8,4143.2,37.3,68.7,31.9,258.2,70.1,1450.6,20.0,679.9,165.1,20.0,20.0,254.3,20.0,20.0,2356.7,20.0,20.0,20.0,20.0,20.0,20.0,20.0,20.0,20.0
1,20.0,20.0,39.7,20.0,20.0,20.0,20.0,20.0,20.0,20.0,20.0,20.0,20.0,36.1,174.0,31.9,20.0,20.0,127.2,22.0,20.0,169.2,3929.4,31.4,60.6,147.0,20.0,45.8,679.0,20.0,309.6,20.0,20.0,20.0,20.0,20.0,20.0,2432.1,20.0,20.0,20.0,147.9,20.0,20.0,20.0,20.0,20.0
2,20.0,20.0,20.0,20.0,20.0,20.0,20.0,20.0,20.0,20.0,20.0,20.0,20.0,28.7,161.7,21.8,20.0,20.0,87.2,24.2,20.0,135.5,4103.6,56.5,58.2,50.4,23.1,20.0,31.0,20.0,20.0,195.4,20.0,20.0,20.0,20.0,20.0,2460.4,20.0,20.0,20.0,20.0,20.0,20.0,20.0,20.0,20.0
3,20.0,20.0,20.0,20.0,20.0,20.0,20.0,20.0,20.0,20.0,20.0,20.0,20.0,32.8,20.0,39.8,20.0,1757.0,159.5,37.3,20.0,101.0,3346.8,49.6,48.6,606.3,20.0,47.9,213.0,20.0,85.5,76.2,20.0,20.0,20.0,20.0,20.0,2241.2,20.0,20.0,20.0,83.4,25.5,20.0,20.0,20.0,20.0
4,20.0,20.0,20.0,20.0,20.0,20.0,20.0,20.0,20.0,20.0,20.0,20.0,20.0,20.0,20.0,111.5,236.9,604.4,129.5,32.1,20.0,172.5,20.0,94.9,40.8,2232.7,20.0,36.5,95.6,20.0,198.3,185.8,20.0,334.8,20.0,20.0,20.0,20.0,20.0,20.0,20.0,20.0,27.4,20.0,20.0,20.0,739.2
5,20.0,20.0,20.0,349.8,20.0,1035.8,20.0,20.0,20.0,20.0,20.0,20.0,724.0,24.3,20.0,155.4,20.0,20.0,227.2,37.9,20.0,89.4,3427.4,174.0,95.1,247.7,20.0,28.6,180.3,20.0,49.1,94.1,20.0,20.0,20.0,20.0,20.0,20.0,20.0,20.0,20.0,20.0,20.0,20.0,20.0,306.3,20.0
6,20.0,20.0,20.0,20.0,20.0,20.0,20.0,20.0,20.0,20.0,20.0,24.8,20.0,25.4,20.0,41.3,20.0,20.0,107.0,55.9,282.1,20.0,20.0,69.3,57.4,181.5,20.0,20.0,392.7,20.0,257.1,20.0,20.0,20.0,20.0,20.9,20.0,20.0,20.0,20.0,20.0,42.8,20.0,20.0,20.0,174.1,20.0
7,276.5,20.0,43.8,20.0,20.0,20.0,20.0,20.0,20.0,20.0,20.0,20.0,20.0,22.1,389.7,55.8,20.0,185.4,105.7,51.4,20.0,104.7,20.0,392.4,112.9,626.8,24.4,58.7,235.0,1168.5,292.6,20.0,20.0,314.1,20.0,20.0,20.0,20.0,20.0,20.0,20.0,20.0,20.0,20.0,20.0,20.0,20.0
8,20.0,20.0,52.7,20.0,20.0,20.0,20.0,20.0,20.0,20.0,20.0,20.0,20.0,52.3,193.0,23.4,20.0,966.4,194.9,45.7,20.0,89.8,20.0,57.6,85.7,1590.7,20.0,20.0,134.9,20.0,133.8,65.3,20.0,20.0,20.0,20.0,20.0,20.0,20.0,20.0,20.0,22.7,20.0,20.0,20.0,20.0,20.0
9,20.0,20.0,20.0,20.0,20.0,20.0,20.0,20.0,20.0,20.0,20.0,39.1,20.0,22.8,20.0,64.5,20.0,20.0,100.2,20.8,20.0,152.6,20.0,167.8,20.0,20.0,30.0,20.0,20.0,20.0,22.0,20.0,25.4,20.0,20.0,38.4,20.8,20.0,20.0,20.0,20.0,20.0,20.0,20.0,20.0,20.0,20.0
10,20.0,20.0,26.1,20.0,20.0,20.0,20.0,151.7,20.0,20.0,20.0,20.0,1394.7,92.0,20.0,69.7,20.0,20.0,151.2,52.4,20.0,98.7,20.0,104.9,140.7,20.0,20.6,20.0,20.0,1349.2,20.0,73.4,20.0,20.0,20.0,20.0,20.0,2445.5,20.0,20.0,20.0,20.0,20.0,20.0,20.0,20.0,20.0
11,20.0,20.0,20.0,20.0,20.0,20.0,20.0,136.4,20.0,20.0,20.0,27.8,20.0,42.5,20.0,26.0,20.0,347.7,112.6,29.6,20.0,124.5,20.0,90.2,20.0,1910.2,20.0,45.1,20.0,20.0,63.5,20.0,39.7,20.0,20.0,20.0,48.3,20.0,20.0,20.0,20.0,20.0,20.0,20.0,20.0,20.0,20.0
12,20.0,20.0,23.3,20.0,20.0,20.0,20.0,403.1,20.0,640.8,359.1,20.0,20.0,20.0,20.0,20.0,20.0,197.2,202.6,20.0,20.0,93.1,20.0,152.4,20.0,132.3,20.0,20.3,338.9,20.0,230.1,114.8,55.4,20.0,20.0,20.0,44.0,20.0,20.0,20.0,20.0,20.0,20.0,20.0,20.0,20.0,20.0
13,20.0,20.0,20.0,20.0,20.0,20.0,20.0,20.0,20.0,20.0,20.0,34.3,20.0,57.3,20.0,20.0,131.8,729.2,151.5,20.0,20.0,76.2,20.0,105.0,20.0,3190.3,20.0,20.0,20.0,20.0,31.1,20.0,20.0,20.0,20.0,79.1,20.0,20.0,20.0,20.0,20.0,20.0,98.5,20.0,20.0,20.0,20.0
14,20.0,20.0,85.3,20.0,20.0,20.0,20.0,20.0,20.0,20.0,20.0,42.9,20.0,20.0,288.4,72.4,20.0,20.0,194.7,47.2,20.0,101.0,20.0,104.6,20.0,20.0,35.6,57.5,125.6,20.0,287.1,20.0,20.0,280.1,20.0,75.2,36.7,20.0,20.0,20.0,20.0,20.0,34.0,20.0,20.0,314.9,20.0
15,20.0,201.1,100.4,267.5,264.1,20.0,414.1,108.3,164.5,419.9,82.4,83.4,781.3,20.0,351.7,50.0,231.6,198.8,92.1,83.8,268.9,20.0,4613.3,269.4,130.6,2266.1,20.0,101.3,33.0,627.5,45.0,144.3,20.0,20.0,275.2,20.0,20.0,20.0,20.0,20.0,20.0,25.3,94.2,20.0,20.0,362.0,20.0
16,20.0,220.1,20.0,360.0,427.5,1208.7,565.6,58.5,223.7,392.6,196.0,20.0,1448.8,115.8,398.4,38.3,199.1,20.0,379.4,58.9,91.3,336.3,4833.3,323.3,88.2,20.0,675.7,205.2,1445.5,647.5,601.3,166.7,74.4,20.0,91.2,22.7,20.0,20.0,20.0,20.0,301.9,20.0,20.0,20.0,20.0,20.0,20.0
17,464.8,597.3,20.0,388.7,20.0,835.4,1000.0,73.6,20.0,610.5,304.6,80.0,979.1,242.6,501.0,202.9,20.0,2594.7,287.3,73.8,293.8,299.7,3940.8,557.0,127.1,20.0,518.7,132.8,1389.5,1045.9,921.7,139.8,34.9,20.0,20.0,20.0,35.6,20.0,20.0,20.0,20.0,79.6,72.4,20.0,20.0,20.0,20.0
18,482.7,20.0,20.0,136.9,20.0,1206.2,882.9,42.9,20.0,574.0,161.5,72.6,1126.3,234.8,489.0,235.3,20.0,1490.7,402.0,74.5,332.8,20.0,4090.2,697.3,68.9,5433.7,658.5,202.6,2341.5,980.8,1300.3,128.5,50.4,20.0,203.8,20.0,81.1,20.0,20.0,20.0,20.0,52.0,32.7,20.0,20.0,20.0,20.0
19,20.0,20.0,20.0,20.0,20.0,20.0,20.0,73.4,20.0,20.0,169.3,23.0,1096.9,88.8,307.9,174.4,185.8,3890.2,777.2,126.5,147.5,199.1,4449.4,247.8,102.4,20.0,536.1,358.8,1999.4,1019.8,894.5,167.5,20.0,20.0,134.2,22.2,88.3,20.0,20.0,20.0,20.0,20.0,117.2,20.0,20.0,20.0,20.0
20,431.8,498.3,452.5,20.0,20.0,1111.4,899.1,132.3,20.0,596.0,20.0,20.0,1255.4,119.4,328.3,400.5,133.1,20.0,212.2,74.6,211.6,264.9,3099.4,258.6,119.0,4665.1,417.7,105.3,1404.2,1260.6,750.1,85.5,87.0,20.0,229.8,20.0,219.2,2078.8,20.0,20.0,20.0,20.0,25.1,20.0,20.0,20.0,947.2
21,385.1,20.0,20.0,152.0,20.0,20.0,933.3,115.6,20.0,20.0,331.2,22.9,20.0,147.1,207.8,384.7,134.4,20.0,283.0,49.8,258.3,308.4,4820.4,232.6,141.6,4458.5,527.0,37.8,1676.2,20.0,1011.9,143.5,88.7,20.0,320.0,20.0,348.0,2262.0,20.0,20.0,20.0,20.0,55.5,20.0,20.0,20.0,574.3
22,20.0,572.6,110.2,20.0,20.0,726.4,681.0,96.5,247.4,528.4,154.6,54.1,1183.7,20.0,521.8,75.7,20.0,4394.8,219.2,131.0,231.7,215.0,3650.5,179.2,131.5,5840.3,395.6,172.3,1389.9,799.3,704.7,80.1,71.7,20.0,272.5,20.0,20.0,2212.3,20.0,20.0,20.0,49.4,148.7,20.0,20.0,20.0,20.0
23,395.3,20.0,109.4,201.5,20.0,1221.3,811.5,69.3,20.0,654.2,296.5,49.1,657.0,91.4,344.3,156.7,217.3,20.0,258.7,38.2,20.0,130.0,2577.4,125.1,125.4,20.0,345.0,189.2,753.2,1005.7,514.8,134.0,24.5,20.0,208.6,20.0,20.0,2220.9,20.0,20.0,20.0,20.0,27.5,20.0,20.0,20.0,20.0
24,20.0,20.0,167.8,394.1,20.0,462.2,20.0,78.8,20.0,20.0,338.2,62.2,1010.7,57.3,321.4,20.0,20.0,2424.2,927.5,206.7,295.3,165.0,4062.8,361.4,108.7,20.0,282.0,338.6,1763.2,20.0,1005.1,20.0,66.8,20.0,130.9,21.2,20.0,20.0,20.0,20.0,20.0,20.0,20.0,20.0,20.0,20.0,20.0
25,20.0,20.0,294.3,329.7,20.0,20.0,20.0,109.1,20.0,20.0,150.9,20.0,1194.8,20.0,453.8,40.8,20.0,540.7,445.3,246.3,199.9,184.7,3758.6,175.2,20.0,1626.7,430.8,58.2,1149.7,20.0,1122.5,196.1,55.1,20.0,225.6,21.6,20.0,20.0,20.0,20.0,20.0,20.0,20.0,20.0,20.0,20.0,20.0
26,20.0,20.0,168.2,307.2,473.5,20.0,20.0,66.6,20.0,20.0,96.0,89.7,947.6,132.0,409.4,36.5,223.2,715.8,520.4,224.2,243.3,223.6,2811.5,150.7,108.7,1594.8,635.1,246.8,1734.3,20.0,1029.5,158.8,69.1,20.0,221.9,20.0,20.0,20.0,20.0,20.0,20.0,20.0,20.0,20.0,20.0,20.0,20.0
27,416.1,50.0,92.0,223.4,364.1,1002.3,282.5,101.5,225.4,274.6,157.0,212.7,1295.4,221.9,481.7,244.8,181.7,118.8,20.0,57.1,170.1,295.5,20.0,303.0,142.4,1305.9,515.2,139.3,2133.7,912.3,1351.6,78.8,147.3,20.0,283.1,68.7,33.3,20.0,20.0,20.0,20.0,106.8,124.8,20.0,20.0,20.0,20.0
28,229.4,469.9,20.0,398.4,412.9,784.5,543.6,98.7,20.0,437.7,129.1,20.0,820.8,20.0,361.6,236.9,248.9,2136.8,20.0,306.5,239.6,247.3,3594.1,380.5,114.9,3659.0,494.7,149.1,1959.3,702.8,819.1,145.7,50.7,20.0,165.1,20.0,444.5,2338.6,20.0,20.0,20.0,20.0,20.0,20.0,20.0,20.0,739.6
29,263.4,170.9,20.0,20.0,191.6,20.0,318.4,188.7,404.1,519.4,116.8,20.0,725.7,20.0,516.9,58.4,73.9,2293.5,20.0,20.0,296.1,144.0,3873.2,324.8,20.0,20.0,642.0,20.0,2472.5,666.0,1030.4,86.5,20.0,20.0,20.0,21.1,307.7,2206.0,20.0,20.0,20.0,150.5,20.0,20.0,20.0,20.0,435.5
30,236.3,20.0,20.0,20.0,454.2,673.2,20.0,69.8,440.0,571.1,180.7,58.1,20.0,20.0,171.9,195.7,207.1,1439.7,902.9,70.9,266.0,192.0,2708.5,374.3,77.3,4231.1,701.5,112.5,1312.9,801.7,651.2,105.1,61.9,20.0,211.5,20.0,20.0,1702.1,20.0,20.0,20.0,20.0,71.3,20.0,20.0,20.0,20.0
31,20.0,20.0,166.1,300.7,486.6,1073.0,20.0,62.5,20.0,20.0,20.0,20.0,812.5,55.8,20.0,178.7,200.8,436.1,264.7,61.3,130.4,189.6,3167.0,110.3,82.6,1084.4,466.3,215.6,158.9,20.0,147.9,42.9,40.8,20.0,184.6,20.0,20.0,20.0,20.0,20.0,20.0,20.0,89.4,20.0,20.0,20.0,20.0
32,20.0,20.0,171.5,284.1,538.3,20.0,20.0,48.5,20.0,20.0,98.1,28.7,890.8,51.3,510.1,183.4,181.1,1134.1,391.7,71.0,217.6,209.1,3790.2,168.6,74.3,1879.6,491.1,365.8,721.2,20.0,462.5,58.1,51.7,20.0,276.9,32.7,20.0,20.0,20.0,20.0,20.0,20.0,69.1,20.0,20.0,20.0,20.0
33,195.8,534.1,58.8,379.7,401.3,593.5,947.1,75.9,20.0,617.3,45.6,112.0,1331.4,20.0,435.0,49.3,65.6,152.1,277.3,109.4,306.8,134.1,2411.4,258.6,106.8,992.9,20.0,176.8,2342.2,1260.3,1079.9,148.5,20.0,20.0,174.0,20.0,20.0,2269.9,20.0,20.0,20.0,20.0,65.2,20.0,20.0,20.0,20.0
34,128.5,20.7,292.7,20.0,87.7,1052.9,428.4,40.5,57.1,378.8,79.7,20.0,20.0,142.1,90.0,64.0,189.9,313.2,919.9,156.0,272.5,194.5,4312.9,20.0,96.3,1050.8,480.4,74.3,20.0,557.8,20.0,102.0,38.9,20.0,224.1,40.9,20.0,20.0,20.0,20.0,20.0,20.0,44.4,20.0,20.0,20.0,20.0
35,187.1,137.6,166.3,20.0,159.6,984.2,318.8,60.7,69.3,335.5,149.8,20.0,934.9,64.4,105.7,155.2,222.3,2578.5,20.0,208.4,20.0,200.4,3082.1,20.0,103.4,2581.7,20.0,99.5,20.0,477.3,20.0,127.9,36.3,20.0,292.1,20.0,20.0,1697.2,20.0,20.0,20.0,20.0,46.6,20.0,20.0,20.0,20.0
36,468.2,367.0,454.2,130.4,558.8,20.0,669.0,35.6,344.6,364.3,92.5,186.3,822.8,164.9,252.6,95.4,234.4,20.0,870.0,191.2,177.5,225.5,3524.8,350.5,65.6,20.0,20.0,238.0,513.7,584.1,337.4,84.1,175.9,20.0,108.9,20.0,574.0,20.0,20.0,20.0,20.0,20.0,90.7,20.0,20.0,20.0,20.0
37,162.5,393.3,205.8,148.9,277.0,20.0,914.8,98.5,333.9,20.0,108.6,183.7,1168.6,231.6,454.2,179.3,144.5,493.3,20.0,123.8,20.0,187.5,4075.9,20.0,119.3,1973.8,20.0,157.2,1823.3,1194.3,1029.2,115.9,117.7,20.0,315.8,20.0,54.1,2286.7,20.0,20.0,20.0,70.9,20.0,20.0,20.0,20.0,20.0
38,75.6,342.3,90.2,417.5,318.3,753.2,643.9,49.1,177.2,439.3,126.6,20.0,1419.1,39.1,271.5,77.4,231.5,4451.8,499.6,20.0,113.0,268.2,2535.6,20.0,90.2,1628.5,20.0,161.3,20.0,610.9,20.0,199.8,50.1,20.0,147.4,23.3,20.0,2101.6,20.0,20.0,20.0,20.0,20.0,20.0,20.0,344.2,20.0
39,113.4,20.0,142.8,260.5,264.2,20.0,801.9,128.3,419.6,519.2,262.1,50.8,1087.6,247.9,284.9,186.3,109.5,827.1,462.3,121.6,281.6,232.8,2728.6,744.5,20.0,2030.2,721.5,40.2,1399.4,1274.6,807.5,91.1,46.1,20.0,319.1,33.1,20.0,20.0,20.0,20.0,20.0,20.0,56.2,20.0,20.0,20.0,20.0
40,179.7,20.0,231.5,244.4,451.6,20.0,20.0,99.0,20.0,20.0,82.7,20.0,1316.2,168.0,290.4,188.0,155.7,3943.5,532.3,147.4,226.0,166.6,4343.3,697.6,89.5,20.0,686.6,109.7,1457.7,20.0,945.5,114.6,58.2,331.9,21.8,27.9,20.0,20.0,20.0,20.0,20.0,37.2,92.5,20.0,20.0,20.0,20.0
41,169.3,20.0,573.3,70.8,263.9,1203.8,806.4,65.6,259.9,642.2,53.0,171.8,705.9,190.2,284.3,134.3,255.7,822.8,730.2,193.4,231.3,183.2,20.0,584.5,86.7,2102.0,658.0,59.0,20.0,1009.1,1290.4,81.5,78.1,20.0,128.5,21.8,20.0,20.0,20.0,20.0,20.0,20.0,53.1,20.0,20.0,20.0,20.0
42,168.0,460.0,503.6,158.1,220.5,917.8,451.6,42.1,166.0,275.2,227.7,20.0,626.6,227.3,423.1,213.5,20.0,622.6,690.6,223.8,225.3,211.1,3507.3,568.7,64.6,1769.9,642.9,78.2,20.0,668.8,20.0,108.2,69.5,20.0,306.4,20.0,20.0,1797.0,20.0,20.0,20.0,20.0,69.3,20.0,20.0,366.2,20.0
43,350.8,569.6,65.0,20.0,365.9,608.4,767.9,146.4,328.9,365.3,231.9,172.2,20.0,20.0,20.0,189.7,160.8,508.8,384.6,146.0,20.0,196.3,2263.6,20.0,135.2,568.5,337.3,366.0,1093.6,970.3,1229.0,100.2,33.7,20.0,231.3,20.0,20.0,1888.0,20.0,20.0,20.0,20.0,20.0,20.0,20.0,20.0,20.0
44,169.7,116.6,20.0,219.5,475.1,20.0,453.6,90.9,246.9,330.2,79.4,151.1,784.1,20.0,199.0,119.6,20.0,20.0,573.0,20.0,20.0,167.7,3551.1,504.9,103.5,20.0,541.2,44.6,1173.8,789.6,677.3,42.8,73.3,20.0,214.2,20.0,529.4,20.0,20.0,20.0,20.0,55.1,36.5,20.0,20.0,20.0,859.9
45,109.2,20.0,46.3,270.9,158.5,92.0,20.0,102.3,20.0,20.0,155.3,20.0,340.3,45.2,34.7,34.7,20.0,403.1,203.1,20.0,20.0,159.9,398.7,180.1,117.9,1650.6,20.0,20.0,20.0,20.0,20.0,154.7,91.4,20.0,20.0,46.3,20.0,2398.7,20.0,195.4,20.0,26.9,50.6,20.0,20.0,405.3,20.0
46,200.9,497.6,519.4,59.6,230.6,20.0,481.0,159.4,417.5,512.1,179.2,81.6,1398.1,113.3,306.9,533.8,103.4,1638.9,592.7,54.8,20.0,173.2,2247.2,435.8,94.5,1908.3,706.9,59.1,1279.8,903.2,699.6,169.3,20.0,20.0,20.0,40.5,20.0,20.0,20.0,20.0,20.0,20.0,20.0,20.0,20.0,20.0,20.0
47,34.8,311.3,51.1,20.0,338.8,1014.6,456.7,75.8,235.4,437.7,20.0,20.0,605.6,229.9,135.1,415.1,39.5,2360.9,20.0,171.5,20.0,142.9,3776.9,801.3,121.7,2455.3,615.6,94.2,20.0,590.8,20.0,110.8,91.3,20.0,232.7,20.0,20.0,20.0,20.0,20.0,20.0,20.0,24.9,20.0,20.0,358.0,20.0
48,20.0,39.4,20.0,20.0,329.1,20.0,363.8,64.1,99.7,291.9,215.6,117.8,1556.5,147.6,20.0,204.3,20.0,504.6,752.5,54.5,20.0,319.2,3566.7,680.5,94.5,1224.5,597.2,86.9,20.0,530.7,20.0,111.6,32.4,20.0,141.4,32.0,20.0,1698.4,20.0,20.0,20.0,20.0,20.0,20.0,20.0,20.0,20.0
49,20.0,20.0,100.3,117.3,20.0,20.0,20.0,143.3,20.0,620.8,332.8,136.3,20.0,20.0,473.2,150.1,205.2,1669.5,234.9,165.4,269.2,226.7,4392.8,402.8,150.4,3810.4,20.0,282.4,530.6,20.0,235.3,20.0,20.0,20.0,210.3,20.0,20.5,20.0,20.0,20.0,20.0,46.3,115.9,20.0,20.0,20.0,20.0
50,422.4,181.4,39.5,353.6,552.6,977.5,565.0,96.8,261.0,417.2,238.0,196.5,20.0,201.9,20.0,113.3,20.0,3545.5,571.5,181.9,312.5,213.3,3531.6,296.2,20.0,5152.6,556.8,76.1,20.0,783.8,20.0,146.6,100.2,20.0,207.5,20.0,20.0,20.0,20.0,20.0,20.0,20.0,99.6,20.0,20.0,20.0,20.0
51,248.5,237.9,30.5,378.9,255.1,1139.4,539.9,107.4,181.7,546.4,247.7,237.3,20.0,192.8,441.6,176.4,193.4,967.9,418.4,226.9,20.0,199.6,2421.1,467.6,20.0,1652.0,20.0,39.3,20.0,1228.3,20.0,20.0,68.0,20.0,20.0,20.0,432.0,20.0,20.0,20.0,20.0,20.0,110.8,20.0,20.0,20.0,882.0
52,272.6,271.6,340.4,114.4,491.6,837.0,573.4,96.6,265.9,510.7,96.5,106.8,1173.0,20.0,366.0,172.5,234.2,20.0,495.3,191.2,206.4,202.0,20.0,20.0,20.0,20.0,435.7,96.6,20.0,1030.5,1099.1,130.2,87.4,20.0,250.2,23.1,108.5,20.0,20.0,20.0,20.0,20.0,56.8,20.0,20.0,20.0,20.0
53,574.9,20.0,344.9,20.0,20.0,1070.2,20.0,104.2,20.0,20.0,151.1,20.0,961.7,20.0,499.0,88.8,218.8,2083.6,593.7,239.8,215.4,153.9,20.0,229.3,20.0,5999.1,20.0,326.2,908.8,20.0,617.1,20.0,137.5,20.0,210.6,23.0,20.0,20.0,20.0,20.0,20.0,20.0,167.9,20.0,20.0,20.0,20.0
54,530.4,657.2,28.1,388.4,454.6,20.0,20.0,74.8,533.6,20.0,193.0,67.3,1415.5,91.8,20.0,20.0,20.0,1765.8,464.0,180.3,237.1,255.0,20.0,232.4,86.9,2134.6,683.5,363.8,1388.0,1132.9,498.8,195.5,57.9,20.0,188.5,46.7,20.0,20.0,20.0,20.0,20.0,20.0,153.0,20.0,20.0,20.0,20.0
55,99.1,601.3,57.9,20.0,402.7,522.4,646.6,96.2,221.4,464.1,69.4,20.0,695.4,211.9,207.2,265.1,80.4,1255.7,441.8,20.0,20.0,97.0,3413.2,833.3,129.5,3575.9,310.8,59.9,20.0,939.3,20.0,102.8,58.3,20.0,252.0,26.0,20.0,20.0,20.0,20.0,20.0,20.0,102.1,20.0,20.0,20.0,20.0
56,196.6,20.0,345.1,413.1,262.3,635.5,20.0,77.4,20.0,20.0,30.8,57.0,1143.6,20.0,167.3,80.2,124.2,497.8,136.6,115.2,20.0,286.3,2233.7,378.1,127.6,2793.8,733.3,95.1,1356.3,20.0,573.6,20.0,55.0,20.0,20.0,20.0,20.0,20.0,20.0,20.0,20.0,20.0,98.0,20.0,20.0,20.0,439.9
57,20.0,621.3,458.6,20.0,20.0,20.0,20.0,184.7,219.5,20.0,345.0,28.2,1214.2,252.6,520.3,56.0,20.0,20.0,58.3,90.5,226.3,287.1,4285.3,106.2,136.4,276.8,20.0,214.5,132.9,1260.9,214.3,196.2,20.0,20.0,20.0,27.8,20.0,20.0,20.0,20.0,20.0,20.0,191.8,20.0,20.0,388.0,20.0
58,161.4,204.9,20.0,297.8,313.1,1217.9,564.9,96.8,234.4,527.8,195.4,112.7,873.5,125.9,231.7,89.8,248.3,745.5,785.6,349.2,20.0,173.2,4171.5,20.0,20.0,4321.4,626.6,20.0,20.0,852.6,1176.2,157.4,80.4,20.0,242.6,35.3,50.2,2450.5,20.0,20.0,20.0,140.3,20.0,20.0,20.0,396.3,526.6
59,20.0,542.5,256.5,20.0,582.6,20.0,728.8,65.6,463.8,478.0,221.1,86.9,749.0,166.0,20.0,200.3,219.6,940.6,20.0,240.6,20.0,129.0,20.0,384.4,127.8,5070.6,510.8,20.0,2316.3,1127.3,1047.4,20.0,54.8,20.0,287.7,24.7,20.0,20.0,20.0,20.0,20.0,54.3,20.9,20.0,20.0,20.0,20.0
60,428.9,20.0,73.3,20.0,398.4,480.5,20.0,84.9,20.0,494.9,89.5,97.9,1144.5,171.0,202.3,94.6,97.3,20.0,624.6,147.7,315.1,146.9,4355.3,358.3,112.2,20.0,607.8,80.0,1112.0,1253.1,601.5,183.2,123.7,20.0,20.0,20.0,20.0,20.0,20.0,20.0,314.7,20.0,57.2,20.0,20.0,20.0,20.0
61,548.5,590.3,41.5,365.2,363.5,516.2,20.0,61.2,265.4,573.5,124.8,117.8,1067.2,117.8,173.1,38.3,73.4,3438.6,528.2,93.5,333.0,145.7,4203.3,273.8,125.4,5513.4,722.9,104.7,671.6,862.3,492.4,165.5,118.4,20.0,288.7,58.3,20.0,20.0,20.0,20.0,313.8,20.0,69.3,20.0,20.0,20.0,20.0
62,133.7,601.3,33.1,217.8,472.3,344.2,927.4,86.6,377.7,526.5,265.7,138.0,750.5,20.0,187.9,273.0,218.7,2137.4,675.7,196.8,20.0,113.7,20.0,20.0,119.8,5954.1,268.8,111.0,20.0,845.2,20.0,20.0,68.7,20.0,274.9,20.0,20.0,20.0,20.0,20.0,20.0,61.9,20.0,20.0,20.0,20.0,20.0
63,626.9,20.0,200.3,279.0,20.0,353.3,20.0,176.4,20.0,20.0,210.8,20.0,686.5,50.3,316.3,65.6,207.5,3752.9,291.0,87.8,336.2,223.5,3838.7,231.7,114.9,20.0,177.1,158.0,462.0,1195.1,248.4,164.5,33.9,20.0,275.8,21.7,20.0,20.0,20.0,20.0,20.0,20.0,43.3,20.0,20.0,20.0,20.0
64,407.5,20.0,20.0,340.6,20.0,675.0,755.1,78.1,20.0,20.0,278.4,26.2,1236.9,71.9,310.1,157.3,120.8,20.0,291.6,35.2,20.0,196.5,3324.1,507.6,106.5,861.0,677.4,125.0,2021.6,1097.2,979.9,20.0,28.0,20.0,20.0,21.8,130.0,20.0,20.0,20.0,20.0,20.0,65.8,20.0,20.0,20.0,20.0
65,436.9,606.6,177.6,142.2,347.4,782.2,859.6,159.9,236.1,431.5,260.7,103.5,1081.4,188.0,287.2,31.3,230.6,3438.8,818.5,109.1,275.4,199.0,3517.3,258.8,133.1,20.0,660.1,222.4,1618.6,1003.7,826.0,206.7,155.7,20.0,139.5,47.6,20.1,20.0,20.0,20.0,20.0,20.0,140.1,20.0,20.0,20.0,20.0
66,20.0,587.6,20.0,124.0,20.0,20.0,866.0,57.8,20.0,618.6,193.7,32.2,1484.4,20.0,20.0,75.0,20.0,1019.8,125.5,82.2,191.8,311.4,4823.4,170.3,98.7,5460.5,20.0,206.5,619.6,875.8,388.3,151.0,20.0,20.0,116.9,54.6,20.0,20.0,20.0,20.0,20.0,20.0,20.0,20.0,20.0,20.0,20.0
67,85.6,20.0,82.2,20.0,290.4,1006.0,488.7,144.8,280.7,445.0,217.9,20.0,1432.0,20.0,20.0,207.5,186.7,321.0,607.7,77.7,275.6,114.7,20.0,832.6,135.8,1071.9,694.3,100.7,20.0,651.2,20.0,158.4,92.7,20.0,229.3,20.0,20.0,20.0,20.0,20.0,20.0,20.0,20.0,20.0,20.0,20.0,711.0
68,328.7,338.6,309.2,20.0,587.8,725.1,603.7,109.5,459.9,530.1,217.6,162.9,1281.8,178.8,495.5,117.9,244.0,20.0,20.0,85.4,322.4,256.3,2658.1,310.8,84.1,3682.7,567.1,324.1,1638.8,545.5,702.9,121.4,89.1,20.0,147.8,20.0,20.0,1962.2,20.0,20.0,20.0,20.0,20.0,20.0,20.0,20.0,20.0
69,250.5,94.4,168.7,129.3,396.1,901.7,345.1,101.0,312.9,383.3,243.6,20.0,813.7,174.2,20.0,163.0,159.6,584.1,349.2,196.6,20.0,164.0,2748.1,20.0,92.4,2096.7,20.0,109.5,1395.5,489.0,754.3,123.5,106.0,20.0,283.0,20.0,293.6,2183.1,20.0,20.0,20.0,20.0,20.0,20.0,20.0,20.0,20.0
70,112.0,207.0,226.4,129.5,474.5,803.1,563.6,105.4,316.8,440.8,143.7,196.2,1192.3,196.8,495.1,314.3,211.1,3964.9,606.9,137.5,268.3,283.5,3157.4,643.0,126.8,3540.9,477.8,92.9,20.0,592.6,20.0,99.4,57.4,20.0,108.6,22.2,147.2,2276.3,20.0,20.0,20.0,20.0,36.2,20.0,20.0,20.0,949.2
71,175.5,441.5,20.0,103.8,401.5,471.7,1004.5,117.7,402.2,545.8,233.9,241.0,667.9,176.7,209.0,68.4,20.0,20.0,285.6,131.0,331.1,172.2,3881.6,751.9,106.1,5531.9,721.1,112.7,2063.1,729.2,886.3,68.3,76.6,20.0,221.3,20.0,173.5,20.0,20.0,20.0,20.0,129.1,20.3,20.0,20.0,20.0,742.3
72,20.0,598.2,237.2,110.9,479.2,20.0,967.9,251.1,20.0,539.2,284.4,20.4,1110.9,97.1,520.4,158.6,175.9,3223.5,264.4,87.2,271.0,268.1,4522.7,225.8,89.4,5783.3,410.6,225.5,1348.5,20.0,549.0,146.9,72.5,20.0,58.3,20.0,50.0,20.0,20.0,20.0,20.0,22.5,35.8,20.0,20.0,20.0,20.0
73,388.2,20.0,62.6,390.0,473.2,20.0,961.7,111.1,518.0,20.0,248.8,116.3,911.1,80.6,300.3,287.3,238.4,785.2,514.1,86.0,20.0,276.7,3198.6,735.3,71.9,2917.8,20.0,184.6,2119.5,1089.9,960.5,74.3,27.6,20.0,233.1,20.0,27.9,1976.1,20.0,20.0,20.0,21.6,99.5,20.0,20.0,20.0,20.0
74,228.8,411.6,71.2,20.0,388.2,702.5,421.5,68.2,462.3,303.0,80.6,20.0,1492.3,20.0,430.7,357.6,210.4,1245.7,20.0,152.1,277.7,243.5,2249.7,333.0,60.5,2331.2,20.0,155.6,2054.6,656.0,1196.5,113.1,20.0,20.0,118.7,20.0,20.0,2296.8,20.0,20.0,20.0,202.9,63.1,20.0,20.0,20.0,20.0
75,419.0,20.0,48.0,20.0,489.0,20.0,944.8,180.4,478.2,635.8,221.9,123.1,940.3,80.9,261.8,280.1,184.8,872.2,508.0,91.3,20.0,253.3,3373.2,726.7,96.8,3088.2,20.0,229.7,2230.4,1004.6,946.5,81.9,32.5,20.0,306.0,20.0,20.0,2135.1,20.0,20.0,20.0,20.0,87.8,20.0,20.0,20.0,20.0
76,478.9,20.0,99.6,20.0,20.0,20.0,20.0,111.5,20.0,20.0,271.8,65.5,853.8,58.6,382.1,220.8,143.7,761.1,451.2,112.1,279.5,219.0,4666.8,513.5,109.1,4761.3,407.0,20.0,2101.9,20.0,937.6,189.3,28.9,20.0,272.5,29.9,20.0,20.0,20.0,20.0,20.0,20.0,99.7,20.0,20.0,20.0,20.0
77,394.2,20.0,70.3,400.1,496.4,20.0,958.8,132.0,497.3,526.2,313.1,152.4,986.5,88.9,273.5,266.9,235.1,889.2,598.1,87.2,20.0,294.4,3022.5,784.8,70.6,2598.6,718.2,234.3,2240.3,1216.3,927.4,77.9,44.8,20.0,209.0,20.0,36.4,1903.8,20.0,20.0,20.0,20.0,108.0,20.0,20.0,20.0,20.0
78,535.5,585.1,48.3,20.0,20.0,81.3,755.9,136.2,485.7,369.8,343.5,72.5,576.9,41.5,474.0,209.2,20.0,1230.1,188.9,147.7,20.0,156.1,3713.8,228.3,88.5,4928.5,128.4,317.7,401.8,334.1,215.2,20.0,28.0,20.0,108.4,20.0,20.0,2092.1,20.0,20.0,20.0,31.0,34.3,20.0,20.0,20.0,20.0
79,338.3,20.0,68.0,20.0,542.3,417.0,20.0,92.0,20.0,20.0,251.3,29.0,1419.6,20.0,20.0,236.8,246.9,2248.7,429.4,230.0,268.3,95.5,2404.9,395.1,114.2,3009.8,632.3,309.5,2083.8,1135.2,1067.2,170.4,115.1,20.0,185.3,28.0,20.0,1630.9,20.0,20.0,20.0,20.0,165.7,20.0,20.0,346.3,20.0
80,583.7,537.2,36.9,20.0,20.0,574.0,952.6,74.7,407.7,20.0,100.5,122.0,1476.5,113.4,20.0,319.6,20.0,502.3,763.9,262.9,219.2,254.6,2574.2,453.3,45.3,2515.0,512.7,20.0,1308.5,731.0,606.6,137.7,123.3,20.0,119.6,20.0,20.0,2099.1,20.0,20.0,20.0,20.0,20.0,20.0,20.0,352.3,20.0
81,20.0,20.0,72.1,20.0,411.9,609.6,987.6,94.8,20.0,20.0,92.6,20.0,984.8,48.2,462.9,231.0,142.0,2169.7,142.7,150.9,321.5,167.7,3718.8,315.9,131.6,4758.7,317.4,20.0,1580.2,20.0,832.5,103.1,39.8,20.0,177.5,66.7,20.0,20.0,20.0,20.0,20.0,119.3,119.3,20.0,20.0,20.0,20.0
82,20.0,554.0,78.6,299.1,372.6,421.0,770.9,77.8,20.0,20.0,204.3,20.0,962.5,56.3,419.7,246.4,139.8,1978.8,200.9,171.9,20.0,138.6,2964.3,349.9,111.8,3237.0,222.8,20.0,1638.5,1145.9,705.5,20.0,43.5,20.0,223.1,39.2,20.0,20.0,20.0,20.0,20.0,56.3,104.8,20.0,20.0,20.0,20.0
83,103.9,253.1,257.6,197.3,323.4,20.0,441.1,75.6,427.7,362.3,85.6,20.0,1286.4,20.0,430.3,67.8,20.0,1397.9,20.0,20.0,231.9,188.9,20.0,578.6,102.6,2822.1,585.2,108.8,2379.6,958.0,20.0,104.9,20.0,20.0,263.8,43.0,123.2,20.0,20.0,20.0,20.0,20.0,20.0,20.0,20.0,362.3,722.1
84,103.6,20.0,43.5,20.0,318.8,291.0,20.0,52.6,20.0,20.0,191.2,39.2,796.4,164.0,20.0,109.1,25.1,235.8,146.5,176.8,20.0,259.2,3217.3,128.5,20.0,943.7,232.8,103.3,268.6,20.0,315.8,109.3,20.0,20.0,311.3,85.1,20.0,20.0,20.0,20.0,20.0,20.0,65.6,20.0,20.0,20.0,20.0
85,482.4,333.1,67.3,20.0,20.0,717.4,576.8,93.0,282.5,580.0,150.5,59.6,626.5,160.5,20.0,389.0,20.0,1115.5,338.7,112.3,290.6,20.0,20.0,147.9,98.3,5229.9,184.6,299.3,20.0,441.5,20.0,106.8,72.4,20.0,259.5,66.1,20.0,20.0,20.0,20.0,20.0,20.0,20.0,20.0,20.0,20.0,20.0
86,412.8,457.1,124.5,20.0,253.3,860.4,831.3,44.1,326.8,653.3,24.7,182.2,1013.9,120.4,383.4,20.0,209.7,266.5,20.0,123.9,206.8,63.3,3831.9,20.0,89.9,2354.2,449.2,20.0,20.0,941.9,20.0,127.0,134.8,20.0,266.8,28.7,20.0,20.0,20.0,20.0,20.0,38.1,31.2,20.0,20.0,20.0,20.0
87,20.0,20.0,124.7,300.3,127.7,1120.5,685.5,59.8,326.8,499.3,88.3,42.8,917.4,94.9,313.1,20.0,70.5,312.1,20.0,50.7,226.7,194.1,2196.9,759.6,132.0,972.8,509.8,91.9,1305.5,1173.1,717.4,135.6,99.9,20.0,221.7,39.2,443.3,20.0,20.0,20.0,20.0,20.0,20.0,20.0,20.0,20.0,20.0
88,20.0,605.7,137.7,285.6,125.7,1017.8,775.1,69.2,448.6,20.0,59.9,25.1,867.1,57.7,344.3,20.0,76.4,480.2,20.0,37.5,153.1,202.3,2374.1,755.6,108.0,1350.5,460.5,118.8,1462.7,1021.8,580.8,86.0,59.3,20.0,137.6,46.0,411.9,20.0,20.0,20.0,20.0,20.0,50.0,20.0,20.0,20.0,20.0
89,504.0,550.1,89.2,307.9,105.6,859.5,683.5,110.9,322.6,478.1,159.1,47.0,777.2,84.2,317.7,20.0,72.2,286.3,20.0,71.6,161.8,207.0,1589.3,902.7,82.8,983.4,661.1,88.1,1163.0,825.1,535.3,96.3,89.9,20.0,101.3,20.0,393.9,2418.8,20.0,20.0,20.0,20.0,29.7,20.0,20.0,20.0,939.8
90,504.6,20.0,20.0,181.0,20.0,1044.7,1033.4,40.3,20.0,390.3,183.7,48.9,1053.7,69.4,182.5,202.8,125.6,20.0,236.6,93.7,152.4,198.6,3463.0,226.4,100.3,20.0,332.4,267.6,1184.3,1274.3,719.4,112.0,48.7,20.0,144.3,50.1,158.2,20.0,20.0,20.0,20.0,37.9,55.9,20.0,20.0,20.0,20.0
91,20.0,20.0,20.0,387.9,20.0,20.0,20.0,49.1,20.0,20.0,91.7,43.9,1456.8,139.9,490.1,191.3,270.9,991.1,668.6,59.2,224.7,20.0,20.0,124.4,105.3,3768.4,583.7,113.2,1036.3,20.0,669.2,97.0,99.7,20.0,20.0,79.3,24.8,2404.9,20.0,20.0,20.0,122.7,101.8,20.0,20.0,20.0,20.0
92,297.3,239.3,20.0,20.0,486.4,1029.7,396.0,36.7,169.8,444.9,126.2,85.5,1301.8,20.0,223.7,50.3,166.1,2383.7,145.2,20.0,318.7,314.7,20.0,20.0,141.8,20.0,320.2,86.0,20.0,443.3,20.0,76.2,20.0,20.0,176.7,86.9,455.8,20.0,20.0,20.0,20.0,32.1,34.4,20.0,20.0,20.0,20.0
93,301.1,20.0,167.2,20.0,20.0,20.0,805.0,105.2,20.0,20.0,85.8,77.5,20.0,91.9,136.5,138.3,95.4,20.0,276.4,20.0,292.8,20.0,3939.3,182.0,127.9,20.0,517.0,70.6,1898.9,20.0,20.0,89.6,20.0,20.0,233.8,64.1,211.9,20.0,20.0,20.0,20.0,20.0,97.5,20.0,20.0,20.0,20.0
94,20.0,20.0,68.3,20.0,20.0,564.8,20.0,233.8,20.0,20.0,185.0,52.1,823.6,34.0,20.0,137.4,20.0,238.4,122.7,20.0,241.0,115.8,20.0,88.8,20.0,20.0,99.4,85.3,229.8,20.0,282.6,167.1,84.0,20.0,203.1,79.9,20.0,20.0,20.0,230.3,20.0,57.7,20.0,20.0,20.0,20.0,20.0
95,500.2,632.7,141.4,221.2,20.0,1124.8,1154.6,133.6,20.0,20.0,278.6,72.3,20.0,151.5,20.0,139.6,222.0,2629.6,20.0,56.0,147.4,251.9,3857.4,133.8,112.7,20.0,490.0,230.4,1456.0,20.0,691.6,20.0,149.9,20.0,230.8,85.1,22.5,20.0,20.0,20.0,20.0,35.0,119.3,20.0,20.0,20.0,20.0
96,20.0,590.2,332.8,286.3,20.0,20.0,740.7,66.1,474.5,484.9,123.3,28.9,1395.1,174.6,325.2,121.4,193.3,1234.6,165.6,90.5,287.6,20.0,20.0,203.2,20.0,20.0,622.8,58.6,207.0,1278.5,156.0,156.6,20.0,20.0,115.0,20.0,20.0,20.0,20.0,20.0,20.0,20.0,84.7,20.0,20.0,20.0,20.0
97,610.2,20.0,20.0,377.8,20.0,20.0,934.3,44.9,20.0,20.0,20.0,20.0,550.9,51.6,20.0,151.9,136.5,83.4,120.1,33.2,293.2,20.0,20.0,43.8,86.4,594.9,20.0,165.7,79.0,1221.6,54.7,106.1,20.0,20.0,226.2,89.4,20.0,20.0,20.0,20.0,20.0,133.4,20.0,20.0,20.0,20.0,20.0
98,20.0,20.0,155.7,370.7,311.3,20.0,20.0,120.5,20.0,20.0,346.9,27.0,1321.3,20.0,516.5,63.9,20.0,20.0,144.5,318.6,162.1,20.0,2597.0,279.3,142.5,86.0,20.0,140.9,228.8,20.0,340.2,135.3,129.4,20.0,252.3,46.6,20.0,20.0,20.0,20.0,20.0,20.0,40.8,20.0,20.0,20.0,20.0
99,20.0,20.0,187.3,292.3,433.8,20.0,20.0,104.6,20.0,20.0,262.7,59.0,1397.5,20.0,380.2,52.6,251.9,20.0,148.4,72.7,273.2,20.0,2481.2,254.2,114.8,23.7,20.0,176.3,512.6,20.0,322.9,147.4,143.9,20.0,284.2,20.0,20.0,20.0,20.0,20.0,20.0,49.4,41.4,20.0,20.0,20.0,20.0
100,617.2,410.7,20.0,346.4,354.2,884.8,862.2,73.7,309.5,480.5,71.8,47.4,709.0,156.6,20.0,236.4,262.1,287.7,467.6,52.3,183.4,20.0,2356.6,137.4,81.8,1834.0,566.6,60.4,1133.4,519.2,565.7,190.2,72.5,20.0,223.4,53.4,20.0,20.0,20.0,20.0,20.0,51.5,87.6,20.0,20.0,20.0,20.0
101,20.0,436.4,311.8,20.0,20.0,751.4,608.5,89.9,430.0,20.0,224.2,38.9,1409.8,77.1,520.0,20.0,160.3,168.9,526.6,106.6,269.9,344.5,3300.1,482.2,122.0,845.0,118.3,133.1,1014.0,1296.8,564.5,104.3,32.9,20.0,224.8,48.8,20.0,20.0,20.0,20.0,20.0,69.3,73.1,20.0,20.0,20.0,20.0
102,20.0,20.0,108.8,20.0,431.1,524.4,882.0,111.6,436.7,497.4,69.3,28.0,20.0,40.7,20.0,20.0,20.0,3947.6,304.4,338.2,233.2,311.3,2509.2,265.5,63.7,2529.7,694.2,147.5,1630.8,1045.1,976.9,134.4,113.5,20.0,194.3,20.0,20.0,1565.0,20.0,20.0,20.0,20.0,151.4,20.0,20.0,20.0,20.0
103,144.3,455.8,90.2,385.8,321.5,1199.7,542.6,93.7,434.8,480.5,199.2,20.0,839.0,225.0,443.1,39.6,68.5,1951.0,245.8,31.3,312.6,20.0,1006.9,200.1,106.6,3333.7,615.6,188.9,1888.6,924.7,786.4,103.0,26.1,20.0,278.6,22.2,20.0,2303.7,20.0,20.0,346.2,20.0,20.0,20.0,20.0,20.0,468.2
104,203.1,411.6,73.1,367.4,478.0,20.0,599.4,70.8,489.7,502.5,88.4,86.8,1186.3,20.0,343.6,49.2,91.9,3272.7,390.6,32.0,20.0,297.2,1775.4,196.1,61.9,3718.7,368.4,208.3,2303.9,903.3,20.0,121.0,47.7,20.0,312.2,30.1,20.0,20.0,20.0,20.0,352.9,20.0,20.0,20.0,20.0,20.0,831.3
105,287.7,20.0,51.6,77.5,421.8,20.0,20.0,91.4,20.0,20.0,88.4,20.0,742.9,75.4,20.0,121.9,83.4,20.0,206.3,110.7,20.0,177.4,1824.9,131.4,20.0,20.0,587.0,182.6,350.3,20.0,273.1,88.9,86.6,20.0,235.7,20.0,28.9,20.0,20.0,20.0,20.0,20.0,40.4,20.0,20.0,20.0,732.7
106,20.0,20.0,129.8,20.0,20.0,20.0,20.0,158.6,20.0,20.0,117.7,20.0,954.6,97.1,428.8,156.1,20.0,1715.5,715.3,313.1,277.3,188.3,2959.0,203.1,101.6,3513.2,578.2,158.0,873.7,20.0,463.3,118.8,31.5,20.0,299.1,20.0,20.0,2482.7,20.0,20.0,20.0,28.5,20.0,20.0,20.0,20.0,20.0
107,281.5,20.0,20.0,375.2,398.0,577.9,20.0,90.6,20.0,20.0,318.6,20.0,20.0,20.0,20.0,118.8,159.3,1382.0,212.9,114.1,261.2,313.4,4433.8,245.7,94.4,5278.0,543.5,132.1,1167.6,20.0,722.6,20.0,32.7,20.0,88.3,20.0,20.0,20.0,20.0,20.0,20.0,20.0,20.0,20.0,20.0,20.0,20.0
108,489.1,314.8,176.7,140.1,20.0,515.4,549.6,74.1,20.0,632.8,132.1,20.0,688.7,20.0,20.0,89.6,173.4,3910.9,20.0,46.5,328.9,144.9,3014.1,812.4,115.0,5969.3,260.0,378.4,1653.3,881.1,1160.7,20.0,107.7,20.0,178.2,45.9,20.0,2264.6,20.0,20.0,20.0,20.0,37.4,20.0,20.0,20.0,20.0
109,20.0,376.3,210.4,279.3,493.6,20.0,949.4,95.8,373.5,504.4,99.4,21.4,1072.3,20.0,20.0,106.9,20.0,1644.1,248.9,149.5,120.5,20.0,4598.1,526.2,20.0,2329.7,20.0,331.7,1013.6,962.4,537.7,20.0,20.0,20.0,214.2,27.3,20.0,20.0,20.0,20.0,20.0,20.0,54.9,20.0,20.0,20.0,20.0
110,421.1,343.8,29.9,20.0,20.0,207.3,982.2,93.0,158.4,583.8,108.3,20.0,791.5,115.8,273.2,134.9,75.1,3055.0,375.1,148.7,20.0,151.4,4824.0,20.0,121.1,20.0,133.6,203.4,20.0,1098.9,20.0,66.5,24.7,20.0,145.6,65.9,20.0,20.0,20.0,20.0,20.0,20.0,20.0,20.0,20.0,20.0,20.0
111,173.8,126.3,20.0,191.7,162.1,20.0,329.8,44.1,175.1,296.9,77.2,20.0,898.8,20.0,235.3,134.0,20.0,1213.0,104.5,57.7,293.9,20.0,2700.8,251.0,95.6,1071.9,20.0,77.3,884.0,473.3,462.0,58.6,20.0,20.0,20.0,46.7,20.0,20.0,20.0,20.0,20.0,50.5,122.5,20.0,20.0,20.0,566.5
112,554.7,436.6,75.8,20.0,505.5,675.0,680.7,109.2,360.8,412.9,180.7,138.4,1193.7,212.8,20.0,571.6,207.7,2674.8,549.6,20.0,212.2,317.7,3634.5,534.7,89.1,5326.7,738.9,20.0,1322.6,884.6,1178.4,94.5,71.1,236.0,166.1,42.2,20.0,20.0,20.0,207.0,20.0,22.7,28.7,20.0,20.0,20.0,20.0
113,154.7,493.9,69.9,140.5,279.4,1090.3,587.4,70.2,300.5,479.5,55.8,189.5,20.0,83.7,413.3,77.2,141.3,902.3,434.6,147.8,316.3,271.6,3490.7,20.0,123.4,4902.2,483.1,269.3,20.0,878.5,20.0,123.6,39.8,20.0,134.0,55.1,20.0,20.0,20.0,20.0,20.0,20.0,25.5,20.0,20.0,20.0,836.9
114,20.0,20.0,304.5,361.0,338.1,991.9,20.0,99.7,20.0,20.0,220.5,62.2,1050.4,114.8,20.0,20.0,20.0,533.2,424.2,113.6,144.1,20.0,3422.9,291.9,80.9,857.3,517.7,20.0,189.6,20.0,476.4,143.8,154.9,20.0,42.6,21.4,20.0,20.0,20.0,20.0,20.0,20.0,134.4,20.0,20.0,20.0,369.2
115,325.1,585.9,155.5,20.0,20.0,1138.7,941.0,93.4,406.5,619.8,131.0,93.7,1342.2,72.9,376.1,228.4,174.0,4073.1,378.7,101.5,189.4,121.1,4802.4,554.8,124.5,3856.7,487.6,387.0,20.0,1005.7,1185.6,121.5,95.7,20.0,209.3,20.0,266.6,20.0,20.0,20.0,20.0,20.0,52.2,20.0,20.0,20.0,20.0
116,122.3,591.8,44.7,20.0,20.0,1168.0,775.4,48.2,20.0,473.3,132.1,20.0,20.0,20.0,272.6,187.8,73.4,1039.4,20.0,136.7,281.4,316.9,2102.4,20.0,96.0,609.9,611.7,127.6,20.0,787.2,20.0,20.0,28.7,20.0,222.4,20.0,20.0,2452.3,20.0,20.0,20.0,20.0,20.0,20.0,20.0,20.0,20.0
117,158.9,100.2,20.0,200.8,415.3,785.7,375.0,111.3,277.5,450.7,91.9,224.4,1455.7,230.2,330.2,177.1,124.9,1416.9,826.5,171.0,239.7,199.1,1763.3,20.0,20.0,3549.8,20.0,92.1,1235.0,633.0,839.2,128.5,128.4,20.0,168.2,20.0,616.7,1464.8,20.0,20.0,20.0,20.0,46.9,20.0,20.0,20.0,731.9
118,192.3,603.4,20.0,304.4,406.5,961.8,668.2,157.8,441.9,507.6,268.7,172.6,902.2,20.0,20.0,279.9,167.0,235.4,285.5,20.0,20.0,275.2,1458.1,545.0,141.1,3142.6,20.0,124.4,20.0,982.7,20.0,110.6,123.6,20.0,220.6,20.0,20.0,2108.5,20.0,20.0,20.0,147.8,20.0,20.0,20.0,20.0,561.1
119,328.7,652.4,20.0,308.2,467.7,1028.0,954.8,218.8,20.0,20.0,94.3,197.6,1263.3,20.0,20.0,278.9,125.3,859.7,266.1,20.0,20.0,264.4,2260.8,533.7,20.0,20.0,719.6,254.9,20.0,1147.6,20.0,133.2,123.6,20.0,20.0,29.8,20.0,20.0,20.0,20.0,20.0,20.0,20.0,20.0,20.0,20.0,366.1
120,305.0,481.8,20.0,402.7,454.5,20.0,510.1,204.0,20.0,509.5,123.4,46.1,1332.5,151.3,325.8,354.6,121.0,2193.9,169.2,47.2,20.0,20.0,3351.0,216.4,99.4,3317.7,545.7,137.0,807.1,766.7,398.6,116.8,161.2,20.0,221.3,23.3,20.0,1776.9,20.0,20.0,20.0,20.0,29.8,20.0,20.0,20.0,20.0
121,452.0,602.0,20.0,166.9,20.0,20.0,709.0,200.8,20.0,20.0,151.0,114.4,1561.3,142.4,319.2,221.1,171.0,2212.3,92.5,20.0,183.7,20.0,4284.8,152.9,73.1,3330.9,528.9,53.3,1182.5,958.2,528.7,110.2,20.0,20.0,158.1,40.3,20.0,20.0,20.0,20.0,20.0,32.0,20.0,20.0,20.0,20.0,20.0
122,20.0,563.6,251.5,20.0,489.4,1052.8,881.2,102.5,515.6,20.0,88.4,22.5,863.3,121.2,297.3,65.3,137.5,1172.3,168.1,20.0,180.7,160.1,2941.6,227.7,94.5,4363.4,20.0,242.6,2273.1,1070.1,929.5,95.6,69.5,20.0,215.8,20.0,20.0,2384.7,20.0,20.0,20.0,20.0,116.3,20.0,20.0,20.0,879.2
123,20.0,20.0,20.0,20.0,20.0,256.1,20.0,54.2,20.0,20.0,181.5,131.9,949.0,87.3,457.3,333.7,216.5,2011.9,866.6,265.4,210.6,238.9,4113.9,408.6,133.1,20.0,176.1,296.1,2263.1,20.0,1309.7,20.0,36.9,20.0,145.8,38.6,20.0,20.0,20.0,20.0,20.0,20.0,29.5,20.0,20.0,20.0,20.0
124,20.0,20.0,20.0,364.3,20.0,276.8,20.0,57.3,20.0,20.0,123.9,85.6,899.4,94.4,431.8,351.9,213.1,2124.0,870.0,298.8,278.0,236.7,3802.8,423.6,136.5,20.0,179.8,263.5,1994.2,20.0,1124.6,20.0,56.5,20.0,264.5,30.1,21.3,20.0,20.0,20.0,20.0,20.0,20.0,20.0,20.0,20.0,20.0
125,307.9,650.3,88.8,20.0,440.6,20.0,20.0,86.4,433.6,20.0,59.6,20.0,20.0,83.3,378.1,174.6,119.0,20.0,20.0,164.7,20.0,198.4,2293.0,332.1,138.7,2745.4,600.4,125.4,2262.6,20.0,20.0,180.0,104.6,20.0,195.8,109.9,20.0,2380.8,20.0,20.0,20.0,95.2,20.0,20.0,20.0,20.0,20.0
126,443.7,20.0,20.0,178.4,571.5,207.9,20.0,66.0,20.0,20.0,127.3,27.3,461.2,56.2,20.0,63.7,105.7,2635.1,173.7,79.3,20.0,20.0,2850.3,57.0,20.0,20.0,272.3,219.5,34.2,20.0,158.8,85.2,20.0,20.0,192.7,41.1,20.5,20.0,20.0,20.0,20.0,20.0,163.8,20.0,20.0,20.0,20.0
127,114.7,604.4,146.0,20.0,382.2,20.0,703.5,54.1,526.9,432.0,95.1,20.0,20.0,248.5,330.0,543.6,128.7,903.6,805.2,102.7,302.2,241.1,3557.7,752.1,113.7,1358.3,448.8,141.6,20.0,918.0,20.0,20.0,85.4,20.0,174.0,26.1,20.0,20.0,20.0,20.0,20.0,44.3,20.0,20.0,20.0,20.0,20.0
128,20.0,20.0,34.0,20.0,329.4,396.9,20.0,94.8,523.9,20.0,86.8,58.1,1252.0,145.9,430.1,363.2,20.0,302.2,499.8,213.2,335.8,126.3,2627.9,573.6,65.4,1055.3,501.6,186.7,1616.3,1280.0,679.6,115.6,68.6,20.0,309.5,20.0,20.0,2235.5,20.0,20.0,20.0,143.2,20.0,20.0,20.0,20.0,20.0
129,216.3,444.9,128.7,20.0,499.7,365.5,822.1,91.0,20.0,402.1,171.7,119.9,1000.6,161.7,538.4,20.0,134.5,1823.6,564.1,343.6,252.7,221.4,2362.2,856.0,90.1,2423.3,600.1,302.0,20.0,630.4,20.0,168.9,78.2,20.0,128.3,20.0,20.0,1735.8,20.0,20.0,20.0,124.7,20.0,20.0,20.0,20.0,20.0
130,166.4,613.7,77.2,310.6,504.4,788.0,20.0,83.1,20.0,20.0,190.4,139.4,816.2,168.4,20.0,146.9,131.0,977.3,20.0,113.0,225.0,165.5,3179.2,618.3,82.9,2324.8,737.1,140.8,1624.4,903.8,630.0,108.0,85.0,20.0,142.3,20.0,20.0,2394.3,20.0,20.0,20.0,49.2,103.8,20.0,20.0,397.1,20.0
131,372.3,20.0,62.4,20.0,20.0,773.7,20.0,58.4,20.0,20.0,175.6,138.9,1501.0,126.1,20.0,332.5,167.4,1101.9,526.6,266.3,184.5,217.0,3620.2,589.1,87.7,2857.4,279.2,303.8,1421.0,20.0,573.0,20.0,32.6,20.0,20.0,20.0,20.0,20.0,20.0,20.0,20.0,126.2,20.0,20.0,20.0,393.4,20.0
132,107.9,377.9,355.8,144.8,361.5,20.0,405.6,49.6,442.4,381.0,68.0,20.0,1237.2,20.0,521.2,56.6,235.6,1231.3,969.7,20.0,176.2,185.5,4741.3,495.8,98.6,3196.0,572.1,100.0,20.0,897.4,20.0,81.7,20.0,20.0,273.9,73.3,110.9,20.0,20.0,20.0,20.0,167.5,20.0,20.0,20.0,331.4,626.1
133,454.2,353.3,20.0,84.0,378.5,20.0,609.6,220.3,389.2,574.0,222.8,20.0,609.8,20.0,469.8,21.3,60.0,605.0,66.1,23.6,124.9,20.0,2193.1,276.5,69.4,4018.0,20.0,359.3,547.1,849.9,320.5,84.8,102.2,20.0,251.7,20.0,20.0,20.0,20.0,20.0,343.0,173.9,20.0,20.0,20.0,20.0,513.4
134,155.9,405.5,20.0,183.9,282.3,20.0,494.6,83.8,238.8,439.8,206.5,224.4,20.0,155.3,359.9,105.1,241.9,1092.5,461.5,122.7,270.1,296.6,2987.5,406.1,100.3,20.0,545.6,100.4,20.0,579.2,20.0,150.8,24.2,20.0,278.9,46.3,123.2,2026.6,20.0,20.0,20.0,69.0,91.6,20.0,20.0,312.8,20.0
135,400.1,20.0,92.3,20.0,20.0,586.3,1181.1,26.5,485.2,20.0,160.6,85.5,1358.8,121.0,20.0,215.9,20.0,2848.6,131.5,131.5,266.2,225.2,20.0,194.8,91.8,20.0,128.7,58.8,992.0,991.9,796.5,106.2,25.8,20.0,204.7,24.5,20.0,20.0,20.0,20.0,20.0,20.0,62.2,20.0,20.0,20.0,20.0
136,409.8,383.2,366.7,20.0,103.3,724.2,573.5,35.0,420.5,492.5,140.5,128.3,781.8,20.0,102.3,188.4,162.3,449.3,316.5,36.2,20.0,20.0,4139.8,249.6,107.1,2778.4,348.9,69.1,20.0,1012.9,20.0,77.8,102.7,20.0,278.6,20.0,20.0,20.0,20.0,20.0,20.0,20.0,48.1,20.0,20.0,20.0,386.0
137,208.4,547.4,558.0,20.0,541.9,20.0,1156.8,77.6,431.5,610.3,41.0,20.0,1053.3,20.0,156.9,159.1,106.7,20.0,67.5,20.2,185.6,208.8,4390.6,223.5,87.1,20.0,306.9,68.0,2347.2,963.4,20.0,73.3,41.3,20.0,243.4,31.3,36.2,20.0,20.0,20.0,20.0,45.9,20.0,20.0,20.0,20.0,642.7
138,191.2,641.6,30.1,142.9,320.3,901.9,690.5,38.0,338.0,532.8,20.0,20.0,1500.5,20.0,229.4,44.2,83.7,1729.4,20.0,99.9,308.3,20.0,1192.1,178.1,124.9,4191.4,20.0,100.3,1123.6,1002.6,890.0,57.1,64.9,20.0,316.2,20.0,20.0,20.0,20.0,20.0,20.0,20.0,64.3,20.0,20.0,20.0,20.0
139,144.4,651.8,189.0,179.3,319.1,1157.5,20.0,72.3,452.0,20.0,116.6,164.0,923.6,221.1,248.2,48.6,62.4,2254.8,868.6,49.8,115.5,352.7,2567.0,252.4,74.4,3485.0,20.0,124.3,20.0,1040.0,1233.7,20.0,150.3,20.0,70.3,20.0,20.0,20.0,20.0,20.0,20.0,20.0,20.0,20.0,20.0,20.0,20.0
140,20.0,481.3,412.6,100.0,525.3,20.0,871.2,38.0,20.0,624.8,102.8,20.0,931.6,20.0,412.0,28.7,20.0,1358.6,68.1,26.6,101.6,20.0,20.0,139.1,127.1,20.0,20.0,90.9,208.7,961.3,288.3,85.9,20.0,20.0,280.4,106.2,20.0,20.0,20.0,20.0,20.0,20.0,84.3,20.0,20.0,20.0,20.0
141,20.0,596.3,20.0,323.6,324.4,20.0,559.4,59.6,350.9,494.5,68.2,39.1,861.4,20.0,346.3,34.8,210.1,1379.0,84.2,38.6,202.5,20.0,20.0,229.1,118.0,3958.5,20.0,59.3,500.5,1018.7,303.8,132.6,20.0,20.0,212.8,40.8,20.0,20.0,20.0,20.0,20.0,20.0,104.7,20.0,20.0,20.0,794.0
142,284.2,303.3,341.0,294.1,426.5,910.9,514.2,106.3,383.4,389.1,198.2,139.8,711.0,237.0,416.2,121.4,20.0,893.2,734.7,273.8,20.0,171.0,3083.0,20.0,108.8,3176.7,584.0,81.0,1096.9,645.2,434.8,190.5,111.3,20.0,254.2,20.0,65.5,1914.4,20.0,20.0,20.0,113.2,39.2,20.0,20.0,389.7,20.0
143,314.5,539.7,396.8,375.7,532.1,20.0,680.8,131.4,499.7,428.6,242.5,61.5,1156.7,141.9,534.7,143.6,190.7,1573.0,20.0,145.8,225.9,255.8,3111.6,579.0,98.7,4121.5,20.0,308.3,1151.5,644.3,435.0,146.2,52.9,20.0,163.2,20.0,52.9,1734.8,20.0,20.0,20.0,20.3,20.0,20.0,20.0,20.0,907.5
144,218.7,86.3,73.6,20.0,319.0,732.3,450.3,94.4,199.1,266.8,92.2,20.0,1360.4,190.8,20.0,149.8,20.0,2548.0,20.0,20.0,157.0,275.1,3189.7,683.9,102.5,2932.8,621.5,253.7,2317.3,652.8,20.0,115.5,109.2,20.0,104.1,20.0,20.0,1840.6,20.0,20.0,20.0,20.0,20.0,20.0,20.0,20.0,874.9
145,124.5,163.5,20.0,246.0,20.0,946.1,436.9,100.3,260.2,463.1,223.5,163.6,1335.7,101.9,119.8,139.0,104.2,2146.9,366.5,120.7,20.0,120.3,1960.8,326.5,100.9,5703.9,20.0,76.5,26.5,627.8,20.0,123.1,20.0,20.0,209.1,23.5,20.0,20.0,20.0,20.0,20.0,108.2,20.0,20.0,20.0,20.0,699.0
146,20.0,640.0,20.0,20.0,20.0,234.2,20.0,96.1,374.5,20.0,97.8,20.0,963.6,63.5,468.0,36.0,143.0,56.4,540.3,20.0,231.0,147.9,3725.4,384.8,85.0,280.1,123.1,34.8,881.8,1125.5,369.5,59.9,117.9,20.0,279.2,72.8,20.0,20.0,20.0,20.0,20.0,20.0,34.1,20.0,20.0,20.0,20.0
147,284.3,638.3,206.0,20.0,476.4,652.7,20.0,80.3,20.0,654.6,49.5,80.3,1380.3,106.3,487.1,386.9,176.1,76.0,616.7,20.0,193.7,115.6,2759.8,502.2,42.4,1144.8,598.7,20.0,1342.4,989.4,705.4,161.1,49.5,20.0,121.1,20.0,20.0,20.0,20.0,20.0,20.0,32.4,74.8,20.0,20.0,20.0,20.0
148,20.0,504.5,245.8,181.6,228.2,787.4,534.1,153.3,480.6,530.0,146.9,85.8,785.9,20.0,493.2,141.4,254.3,331.1,261.6,121.0,296.5,255.8,3103.3,375.6,76.4,752.0,20.0,116.8,1230.5,768.9,478.2,114.3,20.0,20.0,143.7,20.0,20.0,20.0,20.0,20.0,20.0,67.0,51.3,20.0,20.0,20.0,20.0
149,20.0,20.0,20.0,20.0,20.0,20.0,20.0,20.0,524.7,20.0,20.0,20.0,20.0,32.9,20.0,51.6,219.2,422.6,155.6,53.0,212.0,20.0,2624.1,115.9,67.2,548.5,20.0,53.7,450.3,997.8,228.0,164.0,20.0,20.0,20.0,20.0,20.0,2305.0,20.0,20.0,20.0,20.0,20.0,20.0,20.0,374.9,921.1
150,20.0,20.0,20.0,20.0,20.0,1045.1,20.0,20.0,20.0,20.0,20.0,39.1,1064.5,20.0,20.0,126.1,20.0,128.7,78.1,27.9,128.0,239.5,20.0,58.0,47.7,1740.5,20.0,20.0,78.6,20.0,65.3,20.0,25.1,303.1,144.7,49.5,20.0,20.0,20.0,20.0,20.0,51.7,96.0,20.0,20.0,20.0,20.0
151,405.7,20.0,20.0,20.0,20.0,20.0,20.0,20.0,20.0,20.0,20.0,20.0,20.0,34.6,301.1,109.0,20.0,61.7,90.3,60.9,20.0,86.4,3681.5,75.2,74.1,1725.4,20.0,24.7,34.2,1172.3,26.0,20.0,20.0,316.3,20.0,23.7,20.0,2026.1,20.0,207.9,20.0,20.0,20.0,20.0,20.0,20.0,329.0
152,20.0,20.0,20.0,20.0,20.0,20.0,20.0,20.0,524.1,20.0,20.0,20.0,1252.0,24.0,20.0,24.5,20.0,27.2,124.3,20.8,20.0,83.1,2574.5,69.8,57.8,141.9,61.2,20.0,225.0,20.0,111.1,41.9,20.0,20.0,20.0,20.0,20.0,2127.0,20.0,20.0,20.0,20.0,24.8,20.0,20.0,20.0,20.0
153,20.0,20.0,56.7,20.0,20.0,20.0,20.0,20.0,20.0,20.0,20.0,20.0,20.0,78.6,186.4,20.0,206.1,382.9,161.0,57.5,20.0,92.4,20.0,132.4,20.0,414.8,62.5,20.0,116.0,20.0,87.8,20.0,29.4,20.0,20.0,20.0,41.2,20.0,20.0,20.0,20.0,20.0,20.0,20.0,20.0,20.0,20.0
154,20.0,20.0,21.4,20.0,20.0,1080.2,20.0,20.0,20.0,20.0,20.0,28.5,975.1,20.0,20.0,79.1,20.0,880.5,226.1,50.7,20.0,48.0,20.0,213.5,20.0,1737.0,128.5,20.0,129.1,20.0,145.1,156.4,20.0,20.0,20.0,20.0,20.0,20.0,20.0,20.0,20.0,20.0,27.6,20.0,20.0,244.3,20.0
155,20.0,20.0,20.0,20.0,20.0,20.0,20.0,20.0,20.0,20.0,20.0,20.0,1397.4,41.5,95.1,30.0,20.0,218.3,91.0,43.2,225.3,72.1,20.0,74.3,99.4,544.7,20.0,20.0,37.2,20.0,154.8,20.0,20.0,20.0,20.0,20.0,20.0,20.0,20.0,20.0,20.0,20.0,20.0,20.0,20.0,20.0,20.0
156,20.0,619.3,56.4,20.0,20.0,20.0,705.9,20.0,146.8,251.7,20.0,20.0,20.0,108.2,20.0,58.4,20.0,20.0,185.0,43.9,196.9,20.0,20.0,64.6,111.5,20.0,30.3,20.0,125.8,509.4,132.5,93.4,20.0,20.0,20.0,20.5,20.0,20.0,20.0,20.0,20.0,20.0,20.0,20.0,20.0,222.3,20.0
157,20.0,20.0,36.8,20.0,20.0,20.0,20.0,20.0,20.0,20.0,20.0,20.0,1070.6,44.0,20.0,39.6,20.0,150.9,175.6,36.1,20.0,139.7,4268.2,65.0,81.5,674.5,20.0,27.6,119.5,1203.2,222.9,82.9,20.0,20.0,20.0,20.0,20.0,20.0,20.0,20.0,20.0,20.0,20.0,20.0,20.0,20.0,20.0
158,20.0,20.0,20.0,20.0,20.0,20.0,20.0,20.0,20.0,20.0,20.0,20.0,20.0,46.6,20.0,84.6,201.5,84.2,53.0,61.0,20.0,102.8,20.0,35.3,117.0,72.3,20.0,27.1,103.0,20.0,129.7,20.0,20.0,20.0,20.0,20.0,20.0,20.0,20.0,20.0,20.0,75.3,20.0,20.0,20.0,399.2,20.0
159,20.0,20.0,36.8,20.0,20.0,20.0,20.0,20.0,20.0,20.0,20.0,20.0,20.0,38.8,175.4,30.9,20.0,422.3,94.2,104.0,20.0,42.9,20.0,71.3,20.0,1353.1,20.0,111.5,549.0,20.0,409.6,20.0,20.0,20.0,20.0,20.0,20.0,20.0,20.0,20.0,20.0,50.3,20.0,20.0,20.0,20.0,20.0
160,20.0,20.0,20.0,20.0,20.0,20.0,20.0,20.0,20.0,20.0,20.0,20.0,1427.4,20.0,233.2,30.7,20.0,254.4,108.7,47.7,20.0,63.9,20.0,110.1,20.0,1067.2,20.0,29.7,20.0,20.0,182.2,20.0,20.0,20.0,20.0,20.0,20.0,20.0,20.0,20.0,20.0,20.0,20.0,20.0,20.0,20.0,20.0
161,20.0,20.0,81.1,20.0,20.0,20.0,20.0,20.0,20.0,20.0,20.0,41.1,20.0,20.0,428.1,20.0,20.0,571.3,124.1,20.3,20.0,117.5,20.0,50.6,20.0,2041.7,111.5,20.0,677.3,20.0,772.0,20.0,20.0,163.6,20.0,20.0,20.0,20.0,20.0,222.8,20.0,20.0,20.0,20.0,20.0,20.0,20.0
162,20.0,20.0,35.4,20.0,20.0,20.0,20.0,20.0,20.0,20.0,131.1,20.0,20.0,20.0,20.0,33.3,20.0,20.0,222.1,66.7,20.0,58.8,20.0,191.4,20.0,20.0,20.0,20.0,20.0,20.0,81.2,20.0,20.0,20.0,20.0,20.0,20.0,20.0,20.0,20.0,20.0,20.0,20.0,20.0,20.0,20.0,20.0
163,20.0,20.0,20.0,20.0,20.0,530.7,20.0,90.3,20.0,20.0,20.0,20.0,852.3,20.0,20.0,154.1,240.8,115.2,83.9,163.6,20.0,214.0,20.0,49.6,134.8,194.4,20.0,63.8,79.8,20.0,20.0,20.0,23.4,20.0,20.0,20.0,20.0,20.0,20.0,20.0,20.0,155.7,35.4,20.0,20.0,20.0,20.0
164,20.0,20.0,20.0,20.0,20.0,20.0,20.0,20.0,20.0,20.0,20.0,20.0,20.0,20.0,311.9,78.6,20.0,58.5,64.7,171.7,20.0,59.6,20.0,49.6,72.3,1349.4,20.0,301.5,36.2,20.0,20.0,89.8,20.0,20.0,20.0,20.0,20.0,20.0,20.0,20.0,20.0,20.0,20.0,20.0,20.0,20.0,687.0
165,175.2,535.3,285.3,181.2,20.0,1093.8,752.7,83.6,345.5,464.0,156.3,107.4,682.4,116.3,20.0,56.0,224.4,20.0,20.0,20.0,150.8,207.1,4220.0,153.1,135.1,20.0,466.7,49.1,739.9,620.7,556.9,47.3,54.3,20.0,301.5,44.1,33.7,20.0,20.0,20.0,20.0,20.0,28.3,20.0,20.0,20.0,20.0
166,299.0,610.6,74.0,328.6,321.8,1220.8,20.0,73.2,334.0,20.0,61.5,186.9,713.1,196.9,499.1,233.5,145.8,20.0,946.1,65.1,265.9,63.5,3720.2,587.4,20.0,20.0,676.5,121.5,2282.1,1082.2,20.0,147.7,109.6,20.0,190.8,24.9,20.0,20.0,20.0,20.0,20.0,67.2,20.0,20.0,20.0,20.0,20.0
167,20.0,267.2,428.2,20.0,20.0,552.3,676.6,117.1,20.0,489.6,197.9,197.0,669.4,20.0,20.0,91.2,178.9,2301.2,939.6,81.6,231.3,117.6,3271.4,706.1,20.0,4285.9,171.0,20.0,1635.2,1123.2,1216.6,193.9,51.3,20.0,78.0,36.9,20.0,2262.5,20.0,20.0,20.0,20.0,44.2,20.0,20.0,20.0,20.0
168,526.4,575.2,39.0,20.0,20.0,531.5,868.2,85.1,369.6,637.2,214.7,145.1,1450.5,131.3,20.0,323.3,20.0,386.1,735.8,297.0,249.1,267.2,2369.5,399.8,79.8,2633.2,551.4,20.0,1124.4,675.2,528.3,142.5,121.2,196.0,150.7,20.0,20.0,2091.2,20.0,20.0,20.0,20.0,20.0,20.0,20.0,383.1,20.0
169,384.2,418.9,25.6,352.4,523.5,712.8,613.6,91.9,511.3,424.6,249.0,114.9,900.2,168.2,20.0,449.6,175.8,747.3,20.0,314.0,209.3,223.1,4293.2,435.2,111.0,1511.0,728.8,256.7,1587.4,1038.8,772.7,181.8,76.3,20.0,229.4,20.0,28.2,20.0,20.0,20.0,20.0,20.0,39.5,20.0,20.0,389.3,20.0
170,300.9,442.3,136.1,187.5,420.7,899.0,813.2,142.9,252.5,496.4,57.0,134.0,1277.7,257.0,280.2,253.2,133.0,481.3,20.0,111.7,274.7,149.2,4553.3,605.2,20.0,2234.4,475.2,167.7,20.0,1148.7,20.0,75.5,20.0,20.0,297.4,22.2,20.0,20.0,20.0,20.0,20.0,206.7,49.4,20.0,20.0,20.0,20.0
171,596.3,471.9,99.7,20.0,20.0,924.6,891.1,88.9,20.0,488.2,143.4,92.5,1038.0,68.0,20.0,225.7,20.0,2642.7,653.6,119.2,296.7,182.7,3157.9,155.8,58.1,2859.7,595.1,191.6,942.8,712.1,323.8,156.4,61.0,20.0,76.1,20.0,20.0,2330.9,20.0,20.0,20.0,20.0,139.2,20.0,20.0,20.0,20.0
172,216.5,20.0,45.8,115.6,290.5,20.0,20.0,181.3,20.0,20.0,225.4,20.0,782.9,98.9,20.0,111.2,103.8,4088.4,293.7,146.5,20.0,192.0,1406.5,146.5,20.0,4007.9,20.0,162.3,363.4,20.0,320.9,124.0,107.1,20.0,248.6,28.5,60.5,2130.9,20.0,20.0,20.0,20.0,20.0,20.0,20.0,20.0,756.0
173,20.0,20.0,49.6,30.4,85.9,795.8,316.6,164.1,131.4,340.8,199.1,20.0,873.6,20.0,150.3,51.8,110.9,20.0,66.4,61.4,266.8,20.0,2671.9,20.0,117.2,337.9,20.0,25.1,36.8,581.5,33.5,76.4,20.0,20.0,312.6,20.0,20.0,20.0,20.0,20.0,20.0,163.0,63.6,20.0,20.0,324.7,371.6
174,284.7,630.4,103.7,283.9,20.0,775.8,834.0,115.3,20.0,558.1,20.0,20.0,1215.0,183.6,354.4,161.3,20.0,567.9,838.9,301.6,20.0,181.1,3669.0,686.3,130.2,2271.4,440.1,133.5,964.5,1096.3,464.9,104.4,118.6,20.0,85.5,20.0,99.2,1731.0,20.0,20.0,20.0,20.0,20.0,20.0,20.0,20.0,20.0
175,194.7,72.7,190.9,20.0,185.9,810.5,351.3,57.0,86.8,359.3,306.5,20.0,805.3,65.8,140.1,115.2,119.5,2168.3,919.1,180.2,279.7,199.0,2677.8,20.0,105.6,2770.3,680.0,96.9,20.0,495.7,20.0,100.9,40.4,20.0,239.2,20.0,20.0,1988.9,20.0,20.0,20.0,20.0,43.1,20.0,20.0,20.0,20.0
176,237.5,20.0,256.2,418.0,20.0,20.0,20.0,40.7,20.0,430.6,70.5,20.0,983.5,20.0,251.7,139.4,111.6,20.0,73.1,20.0,157.6,215.8,3587.4,115.3,101.1,20.0,357.9,70.9,1918.3,1290.3,20.0,131.0,48.3,20.0,279.5,112.3,41.8,20.0,20.0,20.0,20.0,20.0,20.0,20.0,20.0,20.0,885.9
177,317.8,22.1,20.0,412.5,373.6,674.3,425.2,82.7,190.1,274.1,96.5,58.4,1009.0,231.4,233.8,87.0,147.1,1777.4,156.3,34.6,20.0,251.9,3009.2,20.0,89.3,4024.2,376.9,193.1,20.0,379.1,20.0,95.9,32.6,20.0,97.8,20.0,598.7,1902.6,20.0,20.0,20.0,20.0,26.7,20.0,20.0,20.0,20.0
178,420.3,617.9,20.0,322.0,467.3,20.0,616.4,134.8,415.1,508.3,220.6,75.0,1201.3,126.8,319.8,20.0,192.4,1435.3,592.8,59.3,269.5,227.0,3084.4,239.8,88.4,2487.6,695.6,140.6,1119.6,962.8,564.9,20.0,20.0,20.0,216.7,20.0,20.0,20.0,20.0,20.0,20.0,20.0,52.5,20.0,20.0,20.0,20.0
179,419.6,534.4,37.7,20.0,20.0,223.4,842.1,184.6,20.0,641.7,325.9,22.0,757.3,100.0,441.1,307.4,117.5,1632.8,298.8,159.6,242.2,156.8,2555.1,322.6,74.5,4111.9,186.2,20.0,528.7,689.0,279.0,20.0,39.4,20.0,175.2,20.0,20.0,1728.0,20.0,20.0,20.0,27.4,39.5,20.0,20.0,20.0,20.0
180,98.3,20.0,20.0,31.3,126.6,20.0,883.6,146.4,232.5,595.2,130.4,216.5,542.1,20.0,20.0,42.7,176.7,397.7,375.2,70.6,20.0,47.1,20.0,89.8,20.0,929.2,20.0,100.3,311.2,1344.8,393.9,89.5,139.4,20.0,265.7,20.0,20.0,20.0,20.0,20.0,20.0,20.0,20.0,20.0,20.0,20.0,588.0
