,1385_at,31622_f_at,32821_at,33328_at,33919_at,34375_at,34407_at,35766_at,36130_f_at,37032_at,37157_at,38637_at,38722_at,39081_at,39182_at,39409_at,39594_f_at,39640_at,40087_at,40103_at,40445_at,40567_at,40767_at,40848_g_at,41139_at,41165_g_at,41176_at,41177_at,41209_at,41402_at,41423_at,41424_at,41454_at,41504_s_at,41745_at,41771_g_at,41772_at,41792_at,41827_f_at,575_s_at,657_at,677_s_at,700_s_at,715_s_at,767_at,870_f_at,927_s_at,973_at,988_at,632_at,179_at
0,20.0,20.0,20.0,20.0,20.0,72.1,559.9,423.1,20.0,625.7,20.0,20.0,20.0,20.0,20.0,350.6,20.0,320.2,20.0,20.0,22.1,20.0,283.4,20.0,257.4,20.0,132.3,232.5,52.4,20.0,204.0,24.0,214.8,20.0,4143.2,37.3,20.0,68.7,31.9,258.2,20.0,70.1,1450.6,39.8,23.1,20.0,679.9,165.1,20.0,20.0,254.3
1,20.0,20.0,39.7,20.0,20.0,20.0,20.0,20.0,20.0,20.0,20.0,20.0,20.0,20.0,20.0,20.0,20.0,20.0,20.0,20.0,36.1,174.0,31.9,20.0,20.0,20.0,127.2,257.1,22.0,20.0,20.0,20.0,169.2,20.0,3929.4,31.4,20.0,60.6,147.0,20.0,20.0,45.8,679.0,70.2,20.0,20.0,309.6,20.0,20.0,20.0,20.0
2,20.0,20.0,20.0,20.0,20.0,20.0,20.0,20.0,20.0,20.0,20.0,20.0,20.0,20.0,20.0,20.0,20.0,20.0,20.0,20.0,28.7,161.7,21.8,20.0,482.2,20.0,87.2,187.4,24.2,20.0,20.0,20.0,135.5,20.0,4103.6,56.5,20.0,58.2,50.4,23.1,20.0,20.0,31.0,76.8,20.0,20.0,20.0,195.4,20.0,20.0,20.0
3,20.0,20.0,20.0,20.0,20.0,20.0,20.0,20.0,20.0,20.0,20.0,185.9,20.0,20.0,20.0,20.0,20.0,20.0,20.0,20.0,32.8,20.0,39.8,20.0,20.0,1757.0,159.5,310.6,37.3,20.0,20.0,20.0,101.0,20.0,3346.8,49.6,20.0,48.6,606.3,20.0,20.0,47.9,213.0,52.8,24.4,20.0,85.5,76.2,20.0,20.0,20.0
4,20.0,20.0,20.0,20.0,20.0,20.0,20.0,20.0,20.0,20.0,20.0,20.0,20.0,20.0,20.0,20.0,20.0,20.0,20.0,20.0,20.0,20.0,111.5,236.9,20.0,604.4,129.5,295.5,32.1,20.0,20.0,20.0,172.5,20.0,20.0,94.9,27.4,40.8,2232.7,20.0,210.8,36.5,95.6,34.0,20.0,20.0,198.3,185.8,20.0,334.8,20.0
5,20.0,20.0,20.0,20.0,349.8,20.0,20.0,1035.8,20.0,20.0,20.0,20.0,20.0,20.0,20.0,20.0,20.0,20.0,20.0,724.0,24.3,20.0,155.4,20.0,20.0,20.0,227.2,409.0,37.9,20.0,20.0,20.0,89.4,20.0,3427.4,174.0,47.4,95.1,247.7,20.0,20.0,28.6,180.3,89.7,24.5,20.0,49.1,94.1,20.0,20.0,20.0
6,20.0,20.0,20.0,20.0,20.0,59.6,20.0,20.0,20.0,20.0,20.0,20.0,20.0,20.0,20.0,20.0,20.0,20.0,24.8,20.0,25.4,20.0,41.3,20.0,446.9,20.0,107.0,150.3,55.9,20.0,282.1,59.5,20.0,416.0,20.0,69.3,22.5,57.4,181.5,20.0,20.0,20.0,392.7,47.1,38.7,20.0,257.1,20.0,20.0,20.0,20.0
7,276.5,20.0,43.8,20.0,20.0,20.0,20.0,20.0,20.0,20.0,20.0,20.0,537.8,20.0,20.0,20.0,20.0,20.0,20.0,20.0,22.1,389.7,55.8,20.0,20.0,185.4,105.7,213.8,51.4,28.8,20.0,20.0,104.7,20.0,20.0,392.4,134.5,112.9,626.8,24.4,511.4,58.7,235.0,93.6,20.0,1168.5,292.6,20.0,20.0,314.1,20.0
8,20.0,20.0,52.7,20.0,20.0,20.0,20.0,20.0,20.0,20.0,20.0,20.0,573.7,20.0,20.0,20.0,20.0,20.0,20.0,20.0,52.3,193.0,23.4,20.0,20.0,966.4,194.9,234.3,45.7,38.0,20.0,20.0,89.8,20.0,20.0,57.6,20.0,85.7,1590.7,20.0,20.0,20.0,134.9,110.8,20.0,20.0,133.8,65.3,20.0,20.0,20.0
9,20.0,20.0,20.0,20.0,20.0,20.0,20.0,20.0,20.0,20.0,20.0,20.0,20.0,20.0,191.2,20.0,20.0,20.0,39.1,20.0,22.8,20.0,64.5,20.0,20.0,20.0,100.2,199.2,20.8,47.9,20.0,20.0,152.6,300.4,20.0,167.8,42.5,20.0,20.0,30.0,20.0,20.0,20.0,90.8,20.0,20.0,22.0,20.0,25.4,20.0,20.0
10,20.0,20.0,26.1,20.0,20.0,110.4,20.0,20.0,20.0,20.0,151.7,20.0,20.0,20.0,20.0,20.0,20.0,20.0,20.0,1394.7,92.0,20.0,69.7,20.0,20.0,20.0,151.2,170.6,52.4,37.4,20.0,20.0,98.7,20.0,20.0,104.9,20.0,140.7,20.0,20.6,20.0,20.0,20.0,119.6,62.2,1349.2,20.0,73.4,20.0,20.0,20.0
11,20.0,20.0,20.0,20.0,20.0,126.5,20.0,20.0,20.0,20.0,136.4,20.0,20.0,20.0,20.0,20.0,20.0,20.0,27.8,20.0,42.5,20.0,26.0,20.0,20.0,347.7,112.6,163.4,29.6,24.1,20.0,20.0,124.5,213.9,20.0,90.2,20.9,20.0,1910.2,20.0,20.0,45.1,20.0,59.8,20.0,20.0,63.5,20.0,39.7,20.0,20.0
12,20.0,20.0,23.3,20.0,20.0,20.0,20.0,20.0,20.0,20.0,403.1,20.0,20.0,20.0,20.0,20.0,640.8,359.1,20.0,20.0,20.0,20.0,20.0,20.0,20.0,197.2,202.6,227.1,20.0,93.5,20.0,48.6,93.1,392.4,20.0,152.4,68.8,20.0,132.3,20.0,20.0,20.3,338.9,52.8,20.0,20.0,230.1,114.8,55.4,20.0,20.0
13,20.0,20.0,20.0,20.0,20.0,20.0,20.0,20.0,20.0,20.0,20.0,20.0,20.0,20.0,20.0,20.0,20.0,20.0,34.3,20.0,57.3,20.0,20.0,131.8,20.0,729.2,151.5,184.6,20.0,32.7,20.0,20.0,76.2,420.6,20.0,105.0,20.0,20.0,3190.3,20.0,20.0,20.0,20.0,67.1,108.2,20.0,31.1,20.0,20.0,20.0,20.0
14,20.0,20.0,85.3,20.0,20.0,20.0,20.0,20.0,20.0,20.0,20.0,192.7,20.0,20.0,20.0,20.0,20.0,20.0,42.9,20.0,20.0,288.4,72.4,20.0,20.0,20.0,194.7,191.5,47.2,71.8,20.0,20.0,101.0,20.0,20.0,104.6,20.0,20.0,20.0,35.6,20.0,57.5,125.6,64.3,20.0,20.0,287.1,20.0,20.0,280.1,20.0
15,20.0,201.1,100.4,168.4,267.5,115.0,264.1,20.0,414.1,254.9,108.3,149.2,547.3,164.5,194.2,422.0,419.9,82.4,83.4,781.3,20.0,351.7,50.0,231.6,273.6,198.8,92.1,149.6,83.8,152.0,268.9,25.2,20.0,347.2,4613.3,269.4,83.2,130.6,2266.1,20.0,361.9,101.3,33.0,277.0,20.0,627.5,45.0,144.3,20.0,20.0,275.2
16,20.0,220.1,20.0,140.0,360.0,177.5,427.5,1208.7,565.6,20.0,58.5,133.8,562.0,223.7,295.1,20.0,392.6,196.0,20.0,1448.8,115.8,398.4,38.3,199.1,320.4,20.0,379.4,589.4,58.9,159.3,91.3,311.9,336.3,295.3,4833.3,323.3,200.0,88.2,20.0,675.7,323.9,205.2,1445.5,147.9,80.8,647.5,601.3,166.7,74.4,20.0,91.2
17,464.8,597.3,20.0,20.0,388.7,20.0,20.0,835.4,1000.0,20.0,73.6,197.1,468.1,20.0,231.6,20.0,610.5,304.6,80.0,979.1,242.6,501.0,202.9,20.0,20.0,2594.7,287.3,687.9,73.8,136.0,293.8,269.1,299.7,342.9,3940.8,557.0,294.8,127.1,20.0,518.7,445.2,132.8,1389.5,194.5,247.8,1045.9,921.7,139.8,34.9,20.0,20.0
18,482.7,20.0,20.0,20.0,136.9,20.0,20.0,1206.2,882.9,20.0,42.9,147.8,442.6,20.0,299.9,20.0,574.0,161.5,72.6,1126.3,234.8,489.0,235.3,20.0,20.0,1490.7,402.0,947.5,74.5,157.0,332.8,268.9,20.0,318.6,4090.2,697.3,20.0,68.9,5433.7,658.5,261.2,202.6,2341.5,183.2,194.4,980.8,1300.3,128.5,50.4,20.0,203.8
19,20.0,20.0,20.0,180.0,20.0,20.0,20.0,20.0,20.0,426.6,73.4,114.2,465.7,20.0,20.0,20.0,20.0,169.3,23.0,1096.9,88.8,307.9,174.4,185.8,20.0,3890.2,777.2,1400.7,126.5,51.4,147.5,73.8,199.1,285.7,4449.4,247.8,143.2,102.4,20.0,536.1,247.0,358.8,1999.4,225.3,72.4,1019.8,894.5,167.5,20.0,20.0,134.2
20,431.8,498.3,452.5,20.0,20.0,119.7,20.0,1111.4,899.1,20.0,132.3,20.0,562.0,20.0,307.9,20.0,596.0,20.0,20.0,1255.4,119.4,328.3,400.5,133.1,509.0,20.0,212.2,546.9,74.6,263.3,211.6,133.4,264.9,20.0,3099.4,258.6,127.7,119.0,4665.1,417.7,400.6,105.3,1404.2,115.3,114.7,1260.6,750.1,85.5,87.0,20.0,229.8
21,385.1,20.0,20.0,122.5,152.0,97.4,20.0,20.0,933.3,20.0,115.6,143.8,458.1,20.0,20.0,338.3,20.0,331.2,22.9,20.0,147.1,207.8,384.7,134.4,386.5,20.0,283.0,508.7,49.8,20.0,258.3,177.9,308.4,354.7,4820.4,232.6,81.8,141.6,4458.5,527.0,490.7,37.8,1676.2,129.6,72.3,20.0,1011.9,143.5,88.7,20.0,320.0
22,20.0,572.6,110.2,20.0,20.0,20.0,20.0,726.4,681.0,593.7,96.5,20.0,20.0,247.4,20.0,20.0,528.4,154.6,54.1,1183.7,20.0,521.8,75.7,20.0,20.0,4394.8,219.2,362.5,131.0,59.4,231.7,33.1,215.0,20.0,3650.5,179.2,51.2,131.5,5840.3,395.6,445.2,172.3,1389.9,255.5,292.3,799.3,704.7,80.1,71.7,20.0,272.5
23,395.3,20.0,109.4,20.0,201.5,177.6,20.0,1221.3,811.5,20.0,69.3,20.0,571.3,20.0,20.0,20.0,654.2,296.5,49.1,657.0,91.4,344.3,156.7,217.3,20.0,20.0,258.7,619.4,38.2,95.5,20.0,74.7,130.0,449.3,2577.4,125.1,58.7,125.4,20.0,345.0,338.6,189.2,753.2,20.0,206.2,1005.7,514.8,134.0,24.5,20.0,208.6
24,20.0,20.0,167.8,20.0,394.1,253.6,20.0,462.2,20.0,20.0,78.8,20.0,20.0,20.0,20.0,20.0,20.0,338.2,62.2,1010.7,57.3,321.4,20.0,20.0,20.0,2424.2,927.5,1733.9,206.7,196.6,295.3,88.0,165.0,386.9,4062.8,361.4,167.7,108.7,20.0,282.0,207.9,338.6,1763.2,211.9,220.3,20.0,1005.1,20.0,66.8,20.0,130.9
25,20.0,20.0,294.3,20.0,329.7,270.3,20.0,20.0,20.0,559.7,109.1,164.7,20.0,20.0,266.4,404.5,20.0,150.9,20.0,1194.8,20.0,453.8,40.8,20.0,20.0,540.7,445.3,1479.3,246.3,61.8,199.9,242.4,184.7,303.1,3758.6,175.2,44.3,20.0,1626.7,430.8,268.5,58.2,1149.7,276.2,131.3,20.0,1122.5,196.1,55.1,20.0,225.6
26,20.0,20.0,168.2,175.0,307.2,232.0,473.5,20.0,20.0,252.0,66.6,107.2,20.0,20.0,294.0,221.6,20.0,96.0,89.7,947.6,132.0,409.4,36.5,223.2,20.0,715.8,520.4,1067.0,224.2,20.0,243.3,209.1,223.6,215.8,2811.5,150.7,52.1,108.7,1594.8,635.1,285.1,246.8,1734.3,285.2,61.5,20.0,1029.5,158.8,69.1,20.0,221.9
27,416.1,50.0,92.0,105.8,223.4,105.9,364.1,1002.3,282.5,583.6,101.5,97.6,355.7,225.4,87.0,137.4,274.6,157.0,212.7,1295.4,221.9,481.7,244.8,181.7,150.3,118.8,20.0,20.0,57.1,51.8,170.1,20.0,295.5,359.2,20.0,303.0,131.1,142.4,1305.9,515.2,458.9,139.3,2133.7,20.0,101.9,912.3,1351.6,78.8,147.3,20.0,283.1
28,229.4,469.9,20.0,169.3,398.4,20.0,412.9,784.5,543.6,20.0,98.7,168.3,508.4,20.0,149.2,360.3,437.7,129.1,20.0,820.8,20.0,361.6,236.9,248.9,208.1,2136.8,20.0,20.0,306.5,75.4,239.6,69.4,247.3,382.0,3594.1,380.5,150.0,114.9,3659.0,494.7,327.0,149.1,1959.3,221.5,256.1,702.8,819.1,145.7,50.7,20.0,165.1
29,263.4,170.9,20.0,20.0,20.0,20.0,191.6,20.0,318.4,477.6,188.7,208.3,513.8,404.1,66.0,298.2,519.4,116.8,20.0,725.7,20.0,516.9,58.4,73.9,245.8,2293.5,20.0,20.0,20.0,20.0,296.1,98.0,144.0,85.0,3873.2,324.8,98.8,20.0,20.0,642.0,340.1,20.0,2472.5,268.9,236.8,666.0,1030.4,86.5,20.0,20.0,20.0
30,236.3,20.0,20.0,148.7,20.0,157.9,454.2,673.2,20.0,212.7,69.8,138.0,358.3,440.0,196.5,318.8,571.1,180.7,58.1,20.0,20.0,171.9,195.7,207.1,494.1,1439.7,902.9,20.0,70.9,270.4,266.0,124.2,192.0,337.8,2708.5,374.3,156.0,77.3,4231.1,701.5,260.8,112.5,1312.9,301.0,157.9,801.7,651.2,105.1,61.9,20.0,211.5
31,20.0,20.0,166.1,20.0,300.7,20.0,486.6,1073.0,20.0,257.7,62.5,20.0,20.0,20.0,20.0,427.6,20.0,20.0,20.0,812.5,55.8,20.0,178.7,200.8,376.4,436.1,264.7,591.4,61.3,20.0,130.4,55.5,189.6,441.4,3167.0,110.3,28.7,82.6,1084.4,466.3,292.5,215.6,158.9,84.1,53.7,20.0,147.9,42.9,40.8,20.0,184.6
32,20.0,20.0,171.5,216.5,284.1,20.0,538.3,20.0,20.0,307.0,48.5,184.7,20.0,20.0,20.0,20.0,20.0,98.1,28.7,890.8,51.3,510.1,183.4,181.1,223.9,1134.1,391.7,827.6,71.0,28.1,217.6,129.6,209.1,400.0,3790.2,168.6,51.5,74.3,1879.6,491.1,295.2,365.8,721.2,106.8,42.9,20.0,462.5,58.1,51.7,20.0,276.9
33,195.8,534.1,58.8,115.0,379.7,20.0,401.3,593.5,947.1,336.5,75.9,121.9,205.9,20.0,128.9,205.3,617.3,45.6,112.0,1331.4,20.0,435.0,49.3,65.6,20.0,152.1,277.3,490.9,109.4,55.0,306.8,20.0,134.1,290.9,2411.4,258.6,91.5,106.8,992.9,20.0,350.2,176.8,2342.2,20.0,263.6,1260.3,1079.9,148.5,20.0,20.0,174.0
34,128.5,20.7,292.7,88.2,20.0,82.2,87.7,1052.9,428.4,20.0,40.5,38.7,69.5,57.1,20.0,230.9,378.8,79.7,20.0,20.0,142.1,90.0,64.0,189.9,20.0,313.2,919.9,20.0,156.0,20.0,272.5,300.6,194.5,177.5,4312.9,20.0,20.0,96.3,1050.8,480.4,223.9,74.3,20.0,297.5,46.4,557.8,20.0,102.0,38.9,20.0,224.1
35,187.1,137.6,166.3,111.9,20.0,102.9,159.6,984.2,318.8,20.0,60.7,33.7,251.2,69.3,70.0,327.4,335.5,149.8,20.0,934.9,64.4,105.7,155.2,222.3,20.0,2578.5,20.0,20.0,208.4,20.0,20.0,227.8,200.4,219.1,3082.1,20.0,20.0,103.4,2581.7,20.0,252.1,99.5,20.0,307.0,87.1,477.3,20.0,127.9,36.3,20.0,292.1
36,468.2,367.0,454.2,213.1,130.4,20.0,558.8,20.0,669.0,20.0,35.6,172.9,327.1,344.6,303.6,370.8,364.3,92.5,186.3,822.8,164.9,252.6,95.4,234.4,20.0,20.0,870.0,20.0,191.2,20.0,177.5,289.1,225.5,316.8,3524.8,350.5,212.7,65.6,20.0,20.0,219.3,238.0,513.7,207.7,321.7,584.1,337.4,84.1,175.9,20.0,108.9
37,162.5,393.3,205.8,82.5,148.9,129.8,277.0,20.0,914.8,20.0,98.5,49.9,150.6,333.9,146.3,246.3,20.0,108.6,183.7,1168.6,231.6,454.2,179.3,144.5,20.0,493.3,20.0,20.0,123.8,133.8,20.0,93.6,187.5,177.5,4075.9,20.0,20.0,119.3,1973.8,20.0,286.2,157.2,1823.3,230.7,171.0,1194.3,1029.2,115.9,117.7,20.0,315.8
38,75.6,342.3,90.2,106.2,417.5,248.0,318.3,753.2,643.9,20.0,49.1,143.4,190.8,177.2,29.1,289.2,439.3,126.6,20.0,1419.1,39.1,271.5,77.4,231.5,20.0,4451.8,499.6,909.7,20.0,20.0,113.0,20.0,268.2,187.5,2535.6,20.0,20.0,90.2,1628.5,20.0,20.0,161.3,20.0,150.0,156.2,610.9,20.0,199.8,50.1,20.0,147.4
39,113.4,20.0,142.8,113.6,260.5,138.0,264.2,20.0,801.9,443.9,128.3,138.9,443.2,419.6,147.7,141.9,519.2,262.1,50.8,1087.6,247.9,284.9,186.3,109.5,20.0,827.1,462.3,882.2,121.6,125.2,281.6,20.0,232.8,142.0,2728.6,744.5,417.7,20.0,2030.2,721.5,289.1,40.2,1399.4,351.4,49.3,1274.6,807.5,91.1,46.1,20.0,319.1
40,179.7,20.0,231.5,202.0,244.4,241.6,451.6,20.0,20.0,20.0,99.0,112.8,312.7,20.0,159.5,302.4,20.0,82.7,20.0,1316.2,168.0,290.4,188.0,155.7,20.0,3943.5,532.3,893.2,147.4,238.8,226.0,20.0,166.6,193.8,4343.3,697.6,306.4,89.5,20.0,686.6,350.7,109.7,1457.7,289.3,20.0,20.0,945.5,114.6,58.2,331.9,21.8
41,169.3,20.0,573.3,96.3,70.8,164.3,263.9,1203.8,806.4,20.0,65.6,61.6,303.9,259.9,87.2,321.3,642.2,53.0,171.8,705.9,190.2,284.3,134.3,255.7,20.0,822.8,730.2,1118.8,193.4,184.1,231.3,47.6,183.2,217.0,20.0,584.5,225.5,86.7,2102.0,658.0,251.3,59.0,20.0,20.0,337.2,1009.1,1290.4,81.5,78.1,20.0,128.5
42,168.0,460.0,503.6,154.8,158.1,163.6,220.5,917.8,451.6,20.0,42.1,90.9,320.1,166.0,64.8,351.6,275.2,227.7,20.0,626.6,227.3,423.1,213.5,20.0,20.0,622.6,690.6,1459.9,223.8,267.4,225.3,36.0,211.1,171.1,3507.3,568.7,346.4,64.6,1769.9,642.9,218.0,78.2,20.0,20.0,279.6,668.8,20.0,108.2,69.5,20.0,306.4
43,350.8,569.6,65.0,20.0,20.0,20.0,365.9,608.4,767.9,222.5,146.4,209.7,20.0,328.9,192.0,356.1,365.3,231.9,172.2,20.0,20.0,20.0,189.7,160.8,20.0,508.8,384.6,931.4,146.0,52.7,20.0,229.5,196.3,429.2,2263.6,20.0,317.6,135.2,568.5,337.3,410.0,366.0,1093.6,20.0,20.0,970.3,1229.0,100.2,33.7,20.0,231.3
44,169.7,116.6,20.0,162.2,219.5,82.0,475.1,20.0,453.6,20.0,90.9,110.9,323.6,246.9,183.5,224.3,330.2,79.4,151.1,784.1,20.0,199.0,119.6,20.0,20.0,20.0,573.0,1220.9,20.0,20.0,20.0,101.5,167.7,299.5,3551.1,504.9,263.9,103.5,20.0,541.2,174.7,44.6,1173.8,108.3,97.1,789.6,677.3,42.8,73.3,20.0,214.2
45,109.2,20.0,46.3,45.2,270.9,61.4,158.5,92.0,20.0,46.7,102.3,20.0,187.0,20.0,95.0,169.5,20.0,155.3,20.0,340.3,45.2,34.7,34.7,20.0,20.0,403.1,203.1,500.6,20.0,20.0,20.0,20.0,159.9,157.5,398.7,180.1,58.1,117.9,1650.6,20.0,20.0,20.0,20.0,178.9,39.3,20.0,20.0,154.7,91.4,20.0,20.0
46,200.9,497.6,519.4,152.5,59.6,113.1,230.6,20.0,481.0,177.2,159.4,129.8,404.3,417.5,52.1,322.9,512.1,179.2,81.6,1398.1,113.3,306.9,533.8,103.4,20.0,1638.9,592.7,1157.4,54.8,85.3,20.0,277.8,173.2,246.6,2247.2,435.8,197.2,94.5,1908.3,706.9,381.1,59.1,1279.8,240.8,99.8,903.2,699.6,169.3,20.0,20.0,20.0
47,34.8,311.3,51.1,73.7,20.0,133.6,338.8,1014.6,456.7,706.0,75.8,62.0,143.6,235.4,86.4,233.5,437.7,20.0,20.0,605.6,229.9,135.1,415.1,39.5,281.2,2360.9,20.0,20.0,171.5,20.0,20.0,20.0,142.9,177.1,3776.9,801.3,400.6,121.7,2455.3,615.6,394.0,94.2,20.0,20.0,98.9,590.8,20.0,110.8,91.3,20.0,232.7
48,20.0,39.4,20.0,206.3,20.0,112.3,329.1,20.0,363.8,708.6,64.1,201.2,20.0,99.7,309.9,20.0,291.9,215.6,117.8,1556.5,147.6,20.0,204.3,20.0,20.0,504.6,752.5,1354.8,54.5,191.2,20.0,180.8,319.2,371.6,3566.7,680.5,318.8,94.5,1224.5,597.2,476.2,86.9,20.0,169.5,171.6,530.7,20.0,111.6,32.4,20.0,141.4
49,20.0,20.0,100.3,165.0,117.3,20.0,20.0,20.0,20.0,301.7,143.3,20.0,20.0,20.0,20.0,20.0,620.8,332.8,136.3,20.0,20.0,473.2,150.1,205.2,250.8,1669.5,234.9,408.6,165.4,20.0,269.2,44.9,226.7,238.0,4392.8,402.8,183.8,150.4,3810.4,20.0,309.8,282.4,530.6,187.4,20.0,20.0,235.3,20.0,20.0,20.0,210.3
50,422.4,181.4,39.5,197.1,353.6,159.8,552.6,977.5,565.0,280.0,96.8,130.2,20.0,261.0,279.6,397.5,417.2,238.0,196.5,20.0,201.9,20.0,113.3,20.0,20.0,3545.5,571.5,1197.4,181.9,161.2,312.5,266.1,213.3,354.4,3531.6,296.2,71.4,20.0,5152.6,556.8,382.5,76.1,20.0,168.6,300.7,783.8,20.0,146.6,100.2,20.0,207.5
51,248.5,237.9,30.5,105.6,378.9,90.5,255.1,1139.4,539.9,82.6,107.4,55.4,564.3,181.7,284.5,72.3,546.4,247.7,237.3,20.0,192.8,441.6,176.4,193.4,397.9,967.9,418.4,911.8,226.9,104.0,20.0,20.0,199.6,150.3,2421.1,467.6,101.7,20.0,1652.0,20.0,544.3,39.3,20.0,243.2,128.9,1228.3,20.0,20.0,68.0,20.0,20.0
52,272.6,271.6,340.4,138.2,114.4,235.7,491.6,837.0,573.4,20.0,96.6,176.3,499.7,265.9,20.0,20.0,510.7,96.5,106.8,1173.0,20.0,366.0,172.5,234.2,20.0,20.0,495.3,892.4,191.2,186.4,206.4,245.5,202.0,300.3,20.0,20.0,399.0,20.0,20.0,435.7,275.2,96.6,20.0,210.2,413.1,1030.5,1099.1,130.2,87.4,20.0,250.2
53,574.9,20.0,344.9,185.0,20.0,198.0,20.0,1070.2,20.0,259.9,104.2,183.6,20.0,20.0,286.5,411.5,20.0,151.1,20.0,961.7,20.0,499.0,88.8,218.8,275.3,2083.6,593.7,1194.0,239.8,35.1,215.4,243.7,153.9,340.5,20.0,229.3,70.0,20.0,5999.1,20.0,287.1,326.2,908.8,303.9,361.9,20.0,617.1,20.0,137.5,20.0,210.6
54,530.4,657.2,28.1,146.3,388.4,118.7,454.6,20.0,20.0,270.2,74.8,106.1,552.8,533.6,20.0,312.7,20.0,193.0,67.3,1415.5,91.8,20.0,20.0,20.0,475.3,1765.8,464.0,886.4,180.3,172.9,237.1,247.6,255.0,332.0,20.0,232.4,165.4,86.9,2134.6,683.5,233.5,363.8,1388.0,137.2,122.9,1132.9,498.8,195.5,57.9,20.0,188.5
55,99.1,601.3,57.9,40.8,20.0,154.0,402.7,522.4,646.6,114.7,96.2,93.4,148.9,221.4,112.4,269.1,464.1,69.4,20.0,695.4,211.9,207.2,265.1,80.4,437.6,1255.7,441.8,983.1,20.0,20.0,20.0,20.0,97.0,247.8,3413.2,833.3,368.8,129.5,3575.9,310.8,321.5,59.9,20.0,20.0,81.6,939.3,20.0,102.8,58.3,20.0,252.0
56,196.6,20.0,345.1,77.6,413.1,20.0,262.3,635.5,20.0,135.5,77.4,87.3,20.0,20.0,115.0,222.8,20.0,30.8,57.0,1143.6,20.0,167.3,80.2,124.2,295.7,497.8,136.6,286.5,115.2,20.0,20.0,108.2,286.3,260.8,2233.7,378.1,113.4,127.6,2793.8,733.3,353.6,95.1,1356.3,20.0,345.5,20.0,573.6,20.0,55.0,20.0,20.0
57,20.0,621.3,458.6,133.1,20.0,250.1,20.0,20.0,20.0,398.4,184.7,20.0,20.0,219.5,20.0,20.0,20.0,345.0,28.2,1214.2,252.6,520.3,56.0,20.0,366.0,20.0,58.3,89.7,90.5,51.0,226.3,36.9,287.1,332.4,4285.3,106.2,41.9,136.4,276.8,20.0,341.6,214.5,132.9,139.6,20.0,1260.9,214.3,196.2,20.0,20.0,20.0
58,161.4,204.9,20.0,90.4,297.8,172.8,313.1,1217.9,564.9,20.0,96.8,112.4,402.7,234.4,63.2,20.0,527.8,195.4,112.7,873.5,125.9,231.7,89.8,248.3,20.0,745.5,785.6,1573.9,349.2,108.2,20.0,204.7,173.2,213.4,4171.5,20.0,20.0,20.0,4321.4,626.6,334.4,20.0,20.0,225.8,297.4,852.6,1176.2,157.4,80.4,20.0,242.6
59,20.0,542.5,256.5,178.6,20.0,20.0,582.6,20.0,728.8,491.4,65.6,129.6,20.0,463.8,20.0,20.0,478.0,221.1,86.9,749.0,166.0,20.0,200.3,219.6,374.9,940.6,20.0,20.0,240.6,251.4,20.0,148.5,129.0,378.0,20.0,384.4,224.4,127.8,5070.6,510.8,396.2,20.0,2316.3,213.4,269.0,1127.3,1047.4,20.0,54.8,20.0,287.7
60,428.9,20.0,73.3,149.3,20.0,218.4,398.4,480.5,20.0,234.3,84.9,69.3,20.0,20.0,296.2,198.2,494.9,89.5,97.9,1144.5,171.0,202.3,94.6,97.3,389.1,20.0,624.6,1464.9,147.7,101.4,315.1,79.6,146.9,198.0,4355.3,358.3,152.1,112.2,20.0,607.8,406.9,80.0,1112.0,20.0,161.0,1253.1,601.5,183.2,123.7,20.0,20.0
61,548.5,590.3,41.5,105.4,365.2,174.5,363.5,516.2,20.0,150.2,61.2,111.2,20.0,265.4,233.6,214.7,573.5,124.8,117.8,1067.2,117.8,173.1,38.3,73.4,353.7,3438.6,528.2,1410.6,93.5,72.0,333.0,94.5,145.7,249.6,4203.3,273.8,135.3,125.4,5513.4,722.9,418.2,104.7,671.6,20.0,85.1,862.3,492.4,165.5,118.4,20.0,288.7
62,133.7,601.3,33.1,104.5,217.8,266.9,472.3,344.2,927.4,697.1,86.6,106.9,469.3,377.7,305.2,20.0,526.5,265.7,138.0,750.5,20.0,187.9,273.0,218.7,330.9,2137.4,675.7,1075.6,196.8,20.0,20.0,20.0,113.7,273.1,20.0,20.0,390.7,119.8,5954.1,268.8,530.2,111.0,20.0,20.0,277.3,845.2,20.0,20.0,68.7,20.0,274.9
63,626.9,20.0,200.3,20.0,279.0,175.5,20.0,353.3,20.0,642.8,176.4,20.0,20.0,20.0,20.0,20.0,20.0,210.8,20.0,686.5,50.3,316.3,65.6,207.5,478.5,3752.9,291.0,583.1,87.8,47.7,336.2,55.8,223.5,400.3,3838.7,231.7,93.1,114.9,20.0,177.1,546.7,158.0,462.0,156.9,139.9,1195.1,248.4,164.5,33.9,20.0,275.8
64,407.5,20.0,20.0,142.2,340.6,111.3,20.0,675.0,755.1,20.0,78.1,20.0,20.0,20.0,224.2,362.6,20.0,278.4,26.2,1236.9,71.9,310.1,157.3,120.8,20.0,20.0,291.6,629.3,35.2,244.9,20.0,264.1,196.5,153.8,3324.1,507.6,314.1,106.5,861.0,677.4,488.7,125.0,2021.6,128.2,79.6,1097.2,979.9,20.0,28.0,20.0,20.0
65,436.9,606.6,177.6,131.8,142.2,252.0,347.4,782.2,859.6,176.8,159.9,115.8,20.0,236.1,20.0,340.9,431.5,260.7,103.5,1081.4,188.0,287.2,31.3,230.6,309.4,3438.8,818.5,20.0,109.1,128.4,275.4,235.4,199.0,313.2,3517.3,258.8,58.8,133.1,20.0,660.1,307.4,222.4,1618.6,291.6,180.2,1003.7,826.0,206.7,155.7,20.0,139.5
66,20.0,587.6,20.0,150.5,124.0,20.0,20.0,20.0,866.0,472.9,57.8,195.1,20.0,20.0,20.0,362.6,618.6,193.7,32.2,1484.4,20.0,20.0,75.0,20.0,228.3,1019.8,125.5,348.0,82.2,45.9,191.8,28.4,311.4,351.6,4823.4,170.3,42.2,98.7,5460.5,20.0,325.0,206.5,619.6,113.4,451.8,875.8,388.3,151.0,20.0,20.0,116.9
67,85.6,20.0,82.2,146.6,20.0,177.6,290.4,1006.0,488.7,111.3,144.8,177.4,429.1,280.7,68.6,259.6,445.0,217.9,20.0,1432.0,20.0,20.0,207.5,186.7,20.0,321.0,607.7,1378.0,77.7,154.3,275.6,303.7,114.7,204.2,20.0,832.6,316.4,135.8,1071.9,694.3,248.1,100.7,20.0,20.0,247.6,651.2,20.0,158.4,92.7,20.0,229.3
68,328.7,338.6,309.2,130.9,20.0,190.0,587.8,725.1,603.7,185.0,109.5,137.3,556.3,459.9,247.3,20.0,530.1,217.6,162.9,1281.8,178.8,495.5,117.9,244.0,428.1,20.0,20.0,20.0,85.4,72.5,322.4,279.9,256.3,351.5,2658.1,310.8,122.4,84.1,3682.7,567.1,244.4,324.1,1638.8,291.1,57.7,545.5,702.9,121.4,89.1,20.0,147.8
69,250.5,94.4,168.7,183.9,129.3,130.6,396.1,901.7,345.1,20.0,101.0,158.9,524.0,312.9,177.1,20.0,383.3,243.6,20.0,813.7,174.2,20.0,163.0,159.6,20.0,584.1,349.2,718.4,196.6,221.1,20.0,90.6,164.0,390.7,2748.1,20.0,20.0,92.4,2096.7,20.0,391.4,109.5,1395.5,156.5,354.3,489.0,754.3,123.5,106.0,20.0,283.0
70,112.0,207.0,226.4,149.6,129.5,20.0,474.5,803.1,563.6,632.3,105.4,164.6,362.4,316.8,219.1,20.0,440.8,143.7,196.2,1192.3,196.8,495.1,314.3,211.1,359.4,3964.9,606.9,1325.7,137.5,249.3,268.3,199.9,283.5,469.1,3157.4,643.0,370.1,126.8,3540.9,477.8,274.4,92.9,20.0,306.2,449.5,592.6,20.0,99.4,57.4,20.0,108.6
71,175.5,441.5,20.0,152.0,103.8,160.0,401.5,471.7,1004.5,230.4,117.7,121.6,20.0,402.2,20.0,311.6,545.8,233.9,241.0,667.9,176.7,209.0,68.4,20.0,20.0,20.0,285.6,617.3,131.0,20.0,331.1,237.8,172.2,335.9,3881.6,751.9,446.7,106.1,5531.9,721.1,485.7,112.7,2063.1,183.0,69.3,729.2,886.3,68.3,76.6,20.0,221.3
72,20.0,598.2,237.2,172.9,110.9,20.0,479.2,20.0,967.9,20.0,251.1,142.2,20.0,20.0,20.0,20.0,539.2,284.4,20.4,1110.9,97.1,520.4,158.6,175.9,20.0,3223.5,264.4,495.9,87.2,79.8,271.0,95.8,268.1,20.0,4522.7,225.8,72.0,89.4,5783.3,410.6,292.5,225.5,1348.5,127.2,20.0,20.0,549.0,146.9,72.5,20.0,58.3
73,388.2,20.0,62.6,117.8,390.0,278.2,473.2,20.0,961.7,384.0,111.1,20.0,20.0,518.0,275.1,347.0,20.0,248.8,116.3,911.1,80.6,300.3,287.3,238.4,360.7,785.2,514.1,984.7,86.0,188.8,20.0,306.1,276.7,393.8,3198.6,735.3,441.0,71.9,2917.8,20.0,381.5,184.6,2119.5,141.9,137.9,1089.9,960.5,74.3,27.6,20.0,233.1
74,228.8,411.6,71.2,210.9,20.0,200.7,388.2,702.5,421.5,170.2,68.2,89.0,295.2,462.3,215.8,248.6,303.0,80.6,20.0,1492.3,20.0,430.7,357.6,210.4,357.9,1245.7,20.0,20.0,152.1,158.1,277.7,20.0,243.5,401.0,2249.7,333.0,106.2,60.5,2331.2,20.0,250.1,155.6,2054.6,313.5,261.7,656.0,1196.5,113.1,20.0,20.0,118.7
75,419.0,20.0,48.0,124.2,20.0,266.3,489.0,20.0,944.8,378.9,180.4,20.0,20.0,478.2,199.5,356.9,635.8,221.9,123.1,940.3,80.9,261.8,280.1,184.8,382.4,872.2,508.0,914.8,91.3,156.7,20.0,307.4,253.3,20.0,3373.2,726.7,467.9,96.8,3088.2,20.0,380.2,229.7,2230.4,133.6,114.6,1004.6,946.5,81.9,32.5,20.0,306.0
76,478.9,20.0,99.6,135.2,20.0,20.0,20.0,20.0,20.0,368.6,111.5,20.0,20.0,20.0,20.0,379.7,20.0,271.8,65.5,853.8,58.6,382.1,220.8,143.7,286.0,761.1,451.2,841.7,112.1,104.4,279.5,245.6,219.0,20.0,4666.8,513.5,266.9,109.1,4761.3,407.0,381.3,20.0,2101.9,231.4,177.1,20.0,937.6,189.3,28.9,20.0,272.5
77,394.2,20.0,70.3,122.8,400.1,274.5,496.4,20.0,958.8,367.8,132.0,20.0,20.0,497.3,281.5,385.2,526.2,313.1,152.4,986.5,88.9,273.5,266.9,235.1,432.0,889.2,598.1,1011.1,87.2,226.0,20.0,20.0,294.4,458.2,3022.5,784.8,449.3,70.6,2598.6,718.2,376.6,234.3,2240.3,164.7,158.1,1216.3,927.4,77.9,44.8,20.0,209.0
78,535.5,585.1,48.3,20.0,20.0,20.0,20.0,81.3,755.9,20.0,136.2,20.0,20.0,485.7,20.0,20.0,369.8,343.5,72.5,576.9,41.5,474.0,209.2,20.0,20.0,1230.1,188.9,377.3,147.7,93.9,20.0,85.2,156.1,20.0,3713.8,228.3,61.1,88.5,4928.5,128.4,20.0,317.7,401.8,150.3,20.0,334.1,215.2,20.0,28.0,20.0,108.4
79,338.3,20.0,68.0,199.2,20.0,20.0,542.3,417.0,20.0,409.7,92.0,20.0,571.8,20.0,292.7,20.0,20.0,251.3,29.0,1419.6,20.0,20.0,236.8,246.9,20.0,2248.7,429.4,950.4,230.0,87.3,268.3,228.9,95.5,466.7,2404.9,395.1,144.6,114.2,3009.8,632.3,462.7,309.5,2083.8,161.6,20.0,1135.2,1067.2,170.4,115.1,20.0,185.3
80,583.7,537.2,36.9,180.5,20.0,130.2,20.0,574.0,952.6,522.8,74.7,158.5,20.0,407.7,20.0,383.6,20.0,100.5,122.0,1476.5,113.4,20.0,319.6,20.0,20.0,502.3,763.9,1471.7,262.9,79.2,219.2,158.9,254.6,20.0,2574.2,453.3,176.3,45.3,2515.0,512.7,293.8,20.0,1308.5,297.9,255.0,731.0,606.6,137.7,123.3,20.0,119.6
81,20.0,20.0,72.1,129.9,20.0,20.0,411.9,609.6,987.6,519.0,94.8,119.4,373.8,20.0,20.0,374.9,20.0,92.6,20.0,984.8,48.2,462.9,231.0,142.0,280.6,2169.7,142.7,304.1,150.9,130.2,321.5,265.3,167.7,399.0,3718.8,315.9,107.1,131.6,4758.7,317.4,303.0,20.0,1580.2,190.2,20.0,20.0,832.5,103.1,39.8,20.0,177.5
82,20.0,554.0,78.6,163.5,299.1,20.0,372.6,421.0,770.9,338.6,77.8,80.2,508.0,20.0,20.0,369.9,20.0,204.3,20.0,962.5,56.3,419.7,246.4,139.8,266.3,1978.8,200.9,435.6,171.9,110.8,20.0,206.2,138.6,343.5,2964.3,349.9,127.3,111.8,3237.0,222.8,367.6,20.0,1638.5,198.9,20.0,1145.9,705.5,20.0,43.5,20.0,223.1
83,103.9,253.1,257.6,117.0,197.3,20.0,323.4,20.0,441.1,20.0,75.6,49.7,403.6,427.7,216.1,164.7,362.3,85.6,20.0,1286.4,20.0,430.3,67.8,20.0,20.0,1397.9,20.0,20.0,20.0,147.1,231.9,68.1,188.9,164.2,20.0,578.6,190.1,102.6,2822.1,585.2,394.8,108.8,2379.6,213.7,128.9,958.0,20.0,104.9,20.0,20.0,263.8
84,103.6,20.0,43.5,101.8,20.0,20.0,318.8,291.0,20.0,337.9,52.6,116.3,218.2,20.0,282.1,206.7,20.0,191.2,39.2,796.4,164.0,20.0,109.1,25.1,408.7,235.8,146.5,257.9,176.8,22.1,20.0,20.0,259.2,276.3,3217.3,128.5,34.5,20.0,943.7,232.8,385.9,103.3,268.6,189.0,288.2,20.0,315.8,109.3,20.0,20.0,311.3
85,482.4,333.1,67.3,211.7,20.0,20.0,20.0,717.4,576.8,703.2,93.0,20.0,20.0,282.5,20.0,20.0,580.0,150.5,59.6,626.5,160.5,20.0,389.0,20.0,20.0,1115.5,338.7,715.2,112.3,77.4,290.6,217.6,20.0,20.0,20.0,147.9,54.2,98.3,5229.9,184.6,367.0,299.3,20.0,258.0,293.7,441.5,20.0,106.8,72.4,20.0,259.5
86,412.8,457.1,124.5,96.4,20.0,141.0,253.3,860.4,831.3,413.3,44.1,45.4,227.8,326.8,20.0,330.7,653.3,24.7,182.2,1013.9,120.4,383.4,20.0,209.7,320.5,266.5,20.0,20.0,123.9,221.0,206.8,20.0,63.3,299.2,3831.9,20.0,20.0,89.9,2354.2,449.2,227.9,20.0,20.0,337.6,201.7,941.9,20.0,127.0,134.8,20.0,266.8
87,20.0,20.0,124.7,46.4,300.3,85.0,127.7,1120.5,685.5,725.7,59.8,107.6,323.2,326.8,20.0,92.4,499.3,88.3,42.8,917.4,94.9,313.1,20.0,70.5,382.2,312.1,20.0,20.0,50.7,232.9,226.7,196.3,194.1,141.4,2196.9,759.6,330.3,132.0,972.8,509.8,218.1,91.9,1305.5,130.3,20.0,1173.1,717.4,135.6,99.9,20.0,221.7
88,20.0,605.7,137.7,35.1,285.6,110.2,125.7,1017.8,775.1,760.0,69.2,51.7,275.2,448.6,20.0,114.3,20.0,59.9,25.1,867.1,57.7,344.3,20.0,76.4,324.8,480.2,20.0,20.0,37.5,100.1,153.1,242.4,202.3,159.8,2374.1,755.6,325.4,108.0,1350.5,460.5,189.7,118.8,1462.7,130.6,20.0,1021.8,580.8,86.0,59.3,20.0,137.6
89,504.0,550.1,89.2,82.4,307.9,98.8,105.6,859.5,683.5,569.8,110.9,57.8,292.0,322.6,20.0,66.5,478.1,159.1,47.0,777.2,84.2,317.7,20.0,72.2,432.9,286.3,20.0,20.0,71.6,166.9,161.8,184.4,207.0,209.4,1589.3,902.7,20.0,82.8,983.4,661.1,228.8,88.1,1163.0,135.9,20.0,825.1,535.3,96.3,89.9,20.0,101.3
90,504.6,20.0,20.0,120.5,181.0,126.8,20.0,1044.7,1033.4,391.5,40.3,70.2,20.0,20.0,20.0,20.0,390.3,183.7,48.9,1053.7,69.4,182.5,202.8,125.6,234.1,20.0,236.6,562.8,93.7,127.0,152.4,44.6,198.6,459.7,3463.0,226.4,77.4,100.3,20.0,332.4,135.1,267.6,1184.3,361.5,168.7,1274.3,719.4,112.0,48.7,20.0,144.3
91,20.0,20.0,20.0,93.5,387.9,155.5,20.0,20.0,20.0,715.1,49.1,20.0,463.9,20.0,260.5,303.0,20.0,91.7,43.9,1456.8,139.9,490.1,191.3,270.9,397.5,991.1,668.6,1440.4,59.2,50.3,224.7,112.4,20.0,368.9,20.0,124.4,35.1,105.3,3768.4,583.7,298.1,113.2,1036.3,235.1,23.5,20.0,669.2,97.0,99.7,20.0,20.0
92,297.3,239.3,20.0,87.7,20.0,100.8,486.4,1029.7,396.0,20.0,36.7,124.4,278.7,169.8,292.2,20.0,444.9,126.2,85.5,1301.8,20.0,223.7,50.3,166.1,20.0,2383.7,145.2,294.2,20.0,20.0,318.7,304.6,314.7,395.4,20.0,20.0,423.5,141.8,20.0,320.2,222.7,86.0,20.0,223.3,142.8,443.3,20.0,76.2,20.0,20.0,176.7
93,301.1,20.0,167.2,127.3,20.0,209.1,20.0,20.0,805.0,20.0,105.2,119.6,20.0,20.0,262.4,20.0,20.0,85.8,77.5,20.0,91.9,136.5,138.3,95.4,272.1,20.0,276.4,773.8,20.0,81.9,292.8,253.1,20.0,278.5,3939.3,182.0,47.6,127.9,20.0,517.0,251.0,70.6,1898.9,149.2,52.6,20.0,20.0,89.6,20.0,20.0,233.8
94,20.0,20.0,68.3,199.1,20.0,20.0,20.0,564.8,20.0,20.0,233.8,20.0,20.0,20.0,20.0,20.0,20.0,185.0,52.1,823.6,34.0,20.0,137.4,20.0,372.3,238.4,122.7,209.4,20.0,108.3,241.0,20.0,115.8,20.0,20.0,88.8,35.0,20.0,20.0,99.4,272.4,85.3,229.8,85.5,20.0,20.0,282.6,167.1,84.0,20.0,203.1
95,500.2,632.7,141.4,166.0,221.2,20.0,20.0,1124.8,1154.6,605.1,133.6,162.5,421.5,20.0,20.0,20.0,20.0,278.6,72.3,20.0,151.5,20.0,139.6,222.0,20.0,2629.6,20.0,20.0,56.0,209.6,147.4,20.0,251.9,373.6,3857.4,133.8,33.1,112.7,20.0,490.0,299.8,230.4,1456.0,349.1,395.8,20.0,691.6,20.0,149.9,20.0,230.8
96,20.0,590.2,332.8,232.6,286.3,20.0,20.0,20.0,740.7,592.3,66.1,160.2,418.9,474.5,296.7,20.0,484.9,123.3,28.9,1395.1,174.6,325.2,121.4,193.3,241.5,1234.6,165.6,368.3,90.5,82.5,287.6,20.0,20.0,278.0,20.0,203.2,50.3,20.0,20.0,622.8,430.8,58.6,207.0,193.0,20.0,1278.5,156.0,156.6,20.0,20.0,115.0
97,610.2,20.0,20.0,20.0,377.8,20.0,20.0,20.0,934.3,544.2,44.9,151.8,20.0,20.0,20.0,20.0,20.0,20.0,20.0,550.9,51.6,20.0,151.9,136.5,358.7,83.4,120.1,248.1,33.2,20.0,293.2,20.0,20.0,299.2,20.0,43.8,22.8,86.4,594.9,20.0,203.8,165.7,79.0,198.1,26.6,1221.6,54.7,106.1,20.0,20.0,226.2
98,20.0,20.0,155.7,168.2,370.7,187.3,311.3,20.0,20.0,536.1,120.5,20.0,534.0,20.0,123.3,20.0,20.0,346.9,27.0,1321.3,20.0,516.5,63.9,20.0,345.9,20.0,144.5,270.0,318.6,103.8,162.1,155.4,20.0,357.4,2597.0,279.3,145.4,142.5,86.0,20.0,378.6,140.9,228.8,121.9,146.8,20.0,340.2,135.3,129.4,20.0,252.3
99,20.0,20.0,187.3,152.1,292.3,145.8,433.8,20.0,20.0,402.6,104.6,201.0,548.4,20.0,250.1,288.2,20.0,262.7,59.0,1397.5,20.0,380.2,52.6,251.9,198.2,20.0,148.4,302.0,72.7,74.6,273.2,138.3,20.0,366.7,2481.2,254.2,89.0,114.8,23.7,20.0,396.9,176.3,512.6,87.1,153.1,20.0,322.9,147.4,143.9,20.0,284.2
100,617.2,410.7,20.0,213.8,346.4,96.7,354.2,884.8,862.2,179.6,73.7,20.0,20.0,309.5,198.9,351.3,480.5,71.8,47.4,709.0,156.6,20.0,236.4,262.1,442.5,287.7,467.6,857.0,52.3,20.0,183.4,20.0,20.0,418.7,2356.6,137.4,90.8,81.8,1834.0,566.6,342.2,60.4,1133.4,91.0,36.9,519.2,565.7,190.2,72.5,20.0,223.4
101,20.0,436.4,311.8,182.1,20.0,20.0,20.0,751.4,608.5,397.9,89.9,86.5,20.0,430.0,20.0,180.7,20.0,224.2,38.9,1409.8,77.1,520.0,20.0,160.3,20.0,168.9,526.6,1130.8,106.6,128.3,269.9,191.1,344.5,209.4,3300.1,482.2,181.0,122.0,845.0,118.3,283.8,133.1,1014.0,247.1,57.7,1296.8,564.5,104.3,32.9,20.0,224.8
102,20.0,20.0,108.8,211.3,20.0,152.5,431.1,524.4,882.0,546.7,111.6,20.0,20.0,436.7,20.0,428.2,497.4,69.3,28.0,20.0,40.7,20.0,20.0,20.0,20.0,3947.6,304.4,635.6,338.2,52.5,233.2,233.2,311.3,20.0,2509.2,265.5,151.7,63.7,2529.7,694.2,547.5,147.5,1630.8,177.7,362.0,1045.1,976.9,134.4,113.5,20.0,194.3
103,144.3,455.8,90.2,169.9,385.8,131.1,321.5,1199.7,542.6,84.5,93.7,124.8,346.6,434.8,165.8,235.3,480.5,199.2,20.0,839.0,225.0,443.1,39.6,68.5,340.5,1951.0,245.8,522.9,31.3,90.8,312.6,194.4,20.0,252.3,1006.9,200.1,94.0,106.6,3333.7,615.6,244.3,188.9,1888.6,99.4,78.6,924.7,786.4,103.0,26.1,20.0,278.6
104,203.1,411.6,73.1,124.6,367.4,108.4,478.0,20.0,599.4,149.8,70.8,91.6,388.6,489.7,203.0,261.5,502.5,88.4,86.8,1186.3,20.0,343.6,49.2,91.9,439.5,3272.7,390.6,790.6,32.0,63.9,20.0,223.8,297.2,272.5,1775.4,196.1,60.8,61.9,3718.7,368.4,249.1,208.3,2303.9,73.5,48.3,903.3,20.0,121.0,47.7,20.0,312.2
105,287.7,20.0,51.6,121.4,77.5,184.9,421.8,20.0,20.0,710.2,91.4,105.1,450.7,20.0,154.8,281.3,20.0,88.4,20.0,742.9,75.4,20.0,121.9,83.4,317.8,20.0,206.3,465.4,110.7,224.1,20.0,55.9,177.4,238.0,1824.9,131.4,44.5,20.0,20.0,587.0,328.2,182.6,350.3,84.0,81.5,20.0,273.1,88.9,86.6,20.0,235.7
106,20.0,20.0,129.8,20.0,20.0,71.3,20.0,20.0,20.0,304.1,158.6,20.0,20.0,20.0,20.0,20.0,20.0,117.7,20.0,954.6,97.1,428.8,156.1,20.0,275.0,1715.5,715.3,1293.4,313.1,58.2,277.3,229.3,188.3,20.0,2959.0,203.1,90.3,101.6,3513.2,578.2,399.9,158.0,873.7,176.3,165.2,20.0,463.3,118.8,31.5,20.0,299.1
107,281.5,20.0,20.0,20.0,375.2,20.0,398.0,577.9,20.0,20.0,90.6,20.0,20.0,20.0,288.8,20.0,20.0,318.6,20.0,20.0,20.0,20.0,118.8,159.3,20.0,1382.0,212.9,609.1,114.1,45.6,261.2,63.8,313.4,327.9,4433.8,245.7,71.7,94.4,5278.0,543.5,393.3,132.1,1167.6,112.7,20.0,20.0,722.6,20.0,32.7,20.0,88.3
108,489.1,314.8,176.7,20.0,140.1,20.0,20.0,515.4,549.6,20.0,74.1,209.3,533.2,20.0,303.0,20.0,632.8,132.1,20.0,688.7,20.0,20.0,89.6,173.4,336.1,3910.9,20.0,20.0,46.5,120.6,328.9,20.0,144.9,465.5,3014.1,812.4,232.3,115.0,5969.3,260.0,256.7,378.4,1653.3,181.1,188.0,881.1,1160.7,20.0,107.7,20.0,178.2
109,20.0,376.3,210.4,153.9,279.3,20.0,493.6,20.0,949.4,314.5,95.8,20.0,362.6,373.5,228.0,333.2,504.4,99.4,21.4,1072.3,20.0,20.0,106.9,20.0,271.3,1644.1,248.9,541.0,149.5,82.6,120.5,43.4,20.0,408.7,4598.1,526.2,205.0,20.0,2329.7,20.0,272.9,331.7,1013.6,145.2,108.9,962.4,537.7,20.0,20.0,20.0,214.2
110,421.1,343.8,29.9,131.2,20.0,20.0,20.0,207.3,982.2,101.4,93.0,65.2,469.5,158.4,20.0,20.0,583.8,108.3,20.0,791.5,115.8,273.2,134.9,75.1,364.1,3055.0,375.1,978.2,148.7,275.1,20.0,211.2,151.4,20.0,4824.0,20.0,356.8,121.1,20.0,133.6,353.8,203.4,20.0,260.4,20.0,1098.9,20.0,66.5,24.7,20.0,145.6
111,173.8,126.3,20.0,89.0,191.7,125.7,162.1,20.0,329.8,102.6,44.1,77.0,189.8,175.1,109.5,179.9,296.9,77.2,20.0,898.8,20.0,235.3,134.0,20.0,355.0,1213.0,104.5,248.7,57.7,85.6,293.9,20.0,20.0,305.5,2700.8,251.0,112.7,95.6,1071.9,20.0,278.9,77.3,884.0,136.4,87.7,473.3,462.0,58.6,20.0,20.0,20.0
112,554.7,436.6,75.8,20.0,20.0,212.2,505.5,675.0,680.7,233.8,109.2,134.2,424.3,360.8,20.0,20.0,412.9,180.7,138.4,1193.7,212.8,20.0,571.6,207.7,337.3,2674.8,549.6,1281.5,20.0,102.9,212.2,126.9,317.7,20.0,3634.5,534.7,260.4,89.1,5326.7,738.9,223.5,20.0,1322.6,140.7,20.0,884.6,1178.4,94.5,71.1,236.0,166.1
113,154.7,493.9,69.9,141.5,140.5,199.9,279.4,1090.3,587.4,20.0,70.2,124.0,396.7,300.5,214.3,20.0,479.5,55.8,189.5,20.0,83.7,413.3,77.2,141.3,506.9,902.3,434.6,923.6,147.8,20.0,316.3,20.0,271.6,324.9,3490.7,20.0,20.0,123.4,4902.2,483.1,217.8,269.3,20.0,156.4,218.8,878.5,20.0,123.6,39.8,20.0,134.0
114,20.0,20.0,304.5,20.0,361.0,20.0,338.1,991.9,20.0,737.9,99.7,20.0,453.7,20.0,103.1,20.0,20.0,220.5,62.2,1050.4,114.8,20.0,20.0,20.0,20.0,533.2,424.2,999.4,113.6,119.9,144.1,177.2,20.0,20.0,3422.9,291.9,105.4,80.9,857.3,517.7,210.6,20.0,189.6,62.0,67.4,20.0,476.4,143.8,154.9,20.0,42.6
115,325.1,585.9,155.5,186.8,20.0,20.0,20.0,1138.7,941.0,20.0,93.4,160.6,517.6,406.5,20.0,20.0,619.8,131.0,93.7,1342.2,72.9,376.1,228.4,174.0,474.0,4073.1,378.7,881.8,101.5,94.9,189.4,57.8,121.1,372.3,4802.4,554.8,224.2,124.5,3856.7,487.6,448.8,387.0,20.0,159.5,50.5,1005.7,1185.6,121.5,95.7,20.0,209.3
116,122.3,591.8,44.7,114.6,20.0,20.0,20.0,1168.0,775.4,20.0,48.2,63.0,244.0,20.0,130.0,115.8,473.3,132.1,20.0,20.0,20.0,272.6,187.8,73.4,420.0,1039.4,20.0,20.0,136.7,20.0,281.4,20.0,316.9,237.6,2102.4,20.0,20.0,96.0,609.9,611.7,245.7,127.6,20.0,191.2,207.1,787.2,20.0,20.0,28.7,20.0,222.4
117,158.9,100.2,20.0,178.3,200.8,195.0,415.3,785.7,375.0,503.0,111.3,101.7,332.0,277.5,168.5,231.1,450.7,91.9,224.4,1455.7,230.2,330.2,177.1,124.9,374.0,1416.9,826.5,1698.8,171.0,20.0,239.7,20.0,199.1,320.3,1763.3,20.0,20.0,20.0,3549.8,20.0,266.8,92.1,1235.0,352.2,272.7,633.0,839.2,128.5,128.4,20.0,168.2
118,192.3,603.4,20.0,213.7,304.4,127.9,406.5,961.8,668.2,428.0,157.8,149.3,434.4,441.9,64.9,281.4,507.6,268.7,172.6,902.2,20.0,20.0,279.9,167.0,20.0,235.4,285.5,687.3,20.0,25.7,20.0,20.0,275.2,290.6,1458.1,545.0,277.5,141.1,3142.6,20.0,378.1,124.4,20.0,133.1,51.2,982.7,20.0,110.6,123.6,20.0,220.6
119,328.7,652.4,20.0,107.0,308.2,157.8,467.7,1028.0,954.8,438.2,218.8,93.5,20.0,20.0,254.6,293.4,20.0,94.3,197.6,1263.3,20.0,20.0,278.9,125.3,20.0,859.7,266.1,541.3,20.0,61.1,20.0,20.0,264.4,279.4,2260.8,533.7,187.9,20.0,20.0,719.6,401.7,254.9,20.0,173.6,60.0,1147.6,20.0,133.2,123.6,20.0,20.0
120,305.0,481.8,20.0,217.6,402.7,20.0,454.5,20.0,510.1,711.8,204.0,194.1,418.6,20.0,169.4,20.0,509.5,123.4,46.1,1332.5,151.3,325.8,354.6,121.0,260.4,2193.9,169.2,346.4,47.2,20.0,20.0,56.4,20.0,327.7,3351.0,216.4,65.5,99.4,3317.7,545.7,345.9,137.0,807.1,127.0,47.1,766.7,398.6,116.8,161.2,20.0,221.3
121,452.0,602.0,20.0,182.4,166.9,20.0,20.0,20.0,709.0,745.3,200.8,151.5,398.0,20.0,228.6,428.2,20.0,151.0,114.4,1561.3,142.4,319.2,221.1,171.0,473.4,2212.3,92.5,256.4,20.0,26.7,183.7,118.3,20.0,233.3,4284.8,152.9,57.2,73.1,3330.9,528.9,309.7,53.3,1182.5,87.9,83.8,958.2,528.7,110.2,20.0,20.0,158.1
122,20.0,563.6,251.5,131.7,20.0,115.5,489.4,1052.8,881.2,103.7,102.5,165.2,20.0,515.6,20.0,274.0,20.0,88.4,22.5,863.3,121.2,297.3,65.3,137.5,276.2,1172.3,168.1,387.4,20.0,173.5,180.7,131.7,160.1,279.2,2941.6,227.7,151.6,94.5,4363.4,20.0,199.9,242.6,2273.1,175.6,20.0,1070.1,929.5,95.6,69.5,20.0,215.8
123,20.0,20.0,20.0,210.7,20.0,20.0,20.0,256.1,20.0,20.0,54.2,123.0,20.0,20.0,20.0,20.0,20.0,181.5,131.9,949.0,87.3,457.3,333.7,216.5,440.8,2011.9,866.6,20.0,265.4,170.0,210.6,203.9,238.9,417.7,4113.9,408.6,192.0,133.1,20.0,176.1,372.8,296.1,2263.1,227.2,57.0,20.0,1309.7,20.0,36.9,20.0,145.8
124,20.0,20.0,20.0,213.9,364.3,20.0,20.0,276.8,20.0,779.5,57.3,136.6,20.0,20.0,20.0,20.0,20.0,123.9,85.6,899.4,94.4,431.8,351.9,213.1,368.9,2124.0,870.0,20.0,298.8,214.6,278.0,181.2,236.7,429.7,3802.8,423.6,207.6,136.5,20.0,179.8,257.9,263.5,1994.2,239.4,73.7,20.0,1124.6,20.0,56.5,20.0,264.5
125,307.9,650.3,88.8,70.5,20.0,71.7,440.6,20.0,20.0,498.7,86.4,99.8,276.2,433.6,248.2,258.5,20.0,59.6,20.0,20.0,83.3,378.1,174.6,119.0,20.0,20.0,20.0,20.0,164.7,278.8,20.0,20.0,198.4,191.5,2293.0,332.1,128.3,138.7,2745.4,600.4,317.7,125.4,2262.6,20.0,417.4,20.0,20.0,180.0,104.6,20.0,195.8
126,443.7,20.0,20.0,87.2,178.4,20.0,571.5,207.9,20.0,206.6,66.0,20.0,20.0,20.0,20.0,20.0,20.0,127.3,27.3,461.2,56.2,20.0,63.7,105.7,20.0,2635.1,173.7,377.4,79.3,20.0,20.0,20.0,20.0,20.0,2850.3,57.0,20.0,20.0,20.0,272.3,301.5,219.5,34.2,99.8,41.5,20.0,158.8,85.2,20.0,20.0,192.7
127,114.7,604.4,146.0,91.8,20.0,194.1,382.2,20.0,703.5,189.9,54.1,47.8,273.5,526.9,162.1,328.6,432.0,95.1,20.0,20.0,248.5,330.0,543.6,128.7,442.2,903.6,805.2,1260.5,102.7,20.0,302.2,20.0,241.1,268.4,3557.7,752.1,213.3,113.7,1358.3,448.8,303.8,141.6,20.0,347.2,215.8,918.0,20.0,20.0,85.4,20.0,174.0
128,20.0,20.0,34.0,124.2,20.0,20.0,329.4,396.9,20.0,435.4,94.8,155.6,532.3,523.9,20.0,251.1,20.0,86.8,58.1,1252.0,145.9,430.1,363.2,20.0,20.0,302.2,499.8,907.7,213.2,93.6,335.8,200.3,126.3,20.0,2627.9,573.6,216.1,65.4,1055.3,501.6,549.3,186.7,1616.3,263.9,95.5,1280.0,679.6,115.6,68.6,20.0,309.5
129,216.3,444.9,128.7,192.5,20.0,20.0,499.7,365.5,822.1,500.4,91.0,117.8,438.6,20.0,291.1,378.5,402.1,171.7,119.9,1000.6,161.7,538.4,20.0,134.5,277.2,1823.6,564.1,1012.4,343.6,20.0,252.7,20.0,221.4,20.0,2362.2,856.0,350.3,90.1,2423.3,600.1,388.7,302.0,20.0,20.0,20.0,630.4,20.0,168.9,78.2,20.0,128.3
130,166.4,613.7,77.2,209.4,310.6,135.2,504.4,788.0,20.0,229.7,83.1,135.4,497.2,20.0,179.4,344.7,20.0,190.4,139.4,816.2,168.4,20.0,146.9,131.0,307.5,977.3,20.0,20.0,113.0,236.5,225.0,20.0,165.5,348.5,3179.2,618.3,269.0,82.9,2324.8,737.1,391.0,140.8,1624.4,330.5,20.0,903.8,630.0,108.0,85.0,20.0,142.3
131,372.3,20.0,62.4,20.0,20.0,20.0,20.0,773.7,20.0,480.3,58.4,78.0,524.4,20.0,20.0,294.1,20.0,175.6,138.9,1501.0,126.1,20.0,332.5,167.4,194.4,1101.9,526.6,1070.5,266.3,69.9,184.5,124.3,217.0,20.0,3620.2,589.1,199.9,87.7,2857.4,279.2,20.0,303.8,1421.0,20.0,20.0,20.0,573.0,20.0,32.6,20.0,20.0
132,107.9,377.9,355.8,108.4,144.8,20.0,361.5,20.0,405.6,20.0,49.6,20.0,430.4,442.4,224.4,172.2,381.0,68.0,20.0,1237.2,20.0,521.2,56.6,235.6,20.0,1231.3,969.7,20.0,20.0,127.2,176.2,55.7,185.5,166.7,4741.3,495.8,196.3,98.6,3196.0,572.1,311.2,100.0,20.0,212.8,109.8,897.4,20.0,81.7,20.0,20.0,273.9
133,454.2,353.3,20.0,119.7,84.0,20.0,378.5,20.0,609.6,80.3,220.3,86.7,218.2,389.2,263.5,213.4,574.0,222.8,20.0,609.8,20.0,469.8,21.3,60.0,303.8,605.0,66.1,102.3,23.6,53.5,124.9,20.0,20.0,330.5,2193.1,276.5,141.6,69.4,4018.0,20.0,140.4,359.3,547.1,96.4,61.0,849.9,320.5,84.8,102.2,20.0,251.7
134,155.9,405.5,20.0,156.1,183.9,164.3,282.3,20.0,494.6,278.7,83.8,124.1,382.3,238.8,180.4,351.5,439.8,206.5,224.4,20.0,155.3,359.9,105.1,241.9,354.3,1092.5,461.5,796.5,122.7,20.0,270.1,121.2,296.6,200.8,2987.5,406.1,127.6,100.3,20.0,545.6,533.7,100.4,20.0,118.2,217.8,579.2,20.0,150.8,24.2,20.0,278.9
135,400.1,20.0,92.3,20.0,20.0,230.0,20.0,586.3,1181.1,20.0,26.5,20.0,20.0,485.2,20.0,20.0,20.0,160.6,85.5,1358.8,121.0,20.0,215.9,20.0,20.0,2848.6,131.5,334.2,131.5,74.6,266.2,20.0,225.2,20.0,20.0,194.8,53.5,91.8,20.0,128.7,20.0,58.8,992.0,82.7,20.0,991.9,796.5,106.2,25.8,20.0,204.7
136,409.8,383.2,366.7,48.4,20.0,20.0,103.3,724.2,573.5,20.0,35.0,36.7,226.7,420.5,277.6,142.9,492.5,140.5,128.3,781.8,20.0,102.3,188.4,162.3,20.0,449.3,316.5,616.2,36.2,112.5,20.0,69.7,20.0,235.6,4139.8,249.6,142.3,107.1,2778.4,348.9,200.6,69.1,20.0,121.7,20.0,1012.9,20.0,77.8,102.7,20.0,278.6
137,208.4,547.4,558.0,130.6,20.0,265.5,541.9,20.0,1156.8,556.8,77.6,94.8,518.0,431.5,118.3,223.5,610.3,41.0,20.0,1053.3,20.0,156.9,159.1,106.7,20.0,20.0,67.5,165.0,20.2,55.6,185.6,145.4,208.8,276.5,4390.6,223.5,52.1,87.1,20.0,306.9,285.2,68.0,2347.2,168.6,232.1,963.4,20.0,73.3,41.3,20.0,243.4
138,191.2,641.6,30.1,135.2,142.9,20.0,320.3,901.9,690.5,111.0,38.0,37.4,197.0,338.0,45.5,237.0,532.8,20.0,20.0,1500.5,20.0,229.4,44.2,83.7,20.0,1729.4,20.0,20.0,99.9,129.3,308.3,308.5,20.0,287.3,1192.1,178.1,70.6,124.9,4191.4,20.0,193.2,100.3,1123.6,231.9,20.0,1002.6,890.0,57.1,64.9,20.0,316.2
139,144.4,651.8,189.0,127.0,179.3,20.0,319.1,1157.5,20.0,153.7,72.3,94.5,283.2,452.0,185.6,227.3,20.0,116.6,164.0,923.6,221.1,248.2,48.6,62.4,335.9,2254.8,868.6,1542.8,49.8,59.8,115.5,135.0,352.7,262.0,2567.0,252.4,96.8,74.4,3485.0,20.0,162.8,124.3,20.0,107.7,45.8,1040.0,1233.7,20.0,150.3,20.0,70.3
140,20.0,481.3,412.6,111.7,100.0,20.0,525.3,20.0,871.2,289.5,38.0,208.7,309.3,20.0,264.1,382.8,624.8,102.8,20.0,931.6,20.0,412.0,28.7,20.0,378.2,1358.6,68.1,77.0,26.6,197.0,101.6,20.0,20.0,262.4,20.0,139.1,67.0,127.1,20.0,20.0,290.7,90.9,208.7,127.3,374.4,961.3,288.3,85.9,20.0,20.0,280.4
141,20.0,596.3,20.0,86.3,323.6,202.1,324.4,20.0,559.4,170.1,59.6,82.9,239.9,350.9,132.8,170.5,494.5,68.2,39.1,861.4,20.0,346.3,34.8,210.1,356.4,1379.0,84.2,164.2,38.6,113.2,202.5,20.0,20.0,129.8,20.0,229.1,100.3,118.0,3958.5,20.0,336.1,59.3,500.5,178.5,109.6,1018.7,303.8,132.6,20.0,20.0,212.8
142,284.2,303.3,341.0,20.0,294.1,20.0,426.5,910.9,514.2,634.1,106.3,120.6,546.6,383.4,302.4,335.1,389.1,198.2,139.8,711.0,237.0,416.2,121.4,20.0,427.6,893.2,734.7,1334.0,273.8,272.4,20.0,88.6,171.0,307.1,3083.0,20.0,20.0,108.8,3176.7,584.0,362.1,81.0,1096.9,221.9,20.0,645.2,434.8,190.5,111.3,20.0,254.2
143,314.5,539.7,396.8,20.0,375.7,241.0,532.1,20.0,680.8,524.0,131.4,195.1,466.4,499.7,209.5,388.4,428.6,242.5,61.5,1156.7,141.9,534.7,143.6,190.7,355.2,1573.0,20.0,1544.5,145.8,203.6,225.9,68.3,255.8,452.2,3111.6,579.0,230.4,98.7,4121.5,20.0,393.2,308.3,1151.5,141.2,196.0,644.3,435.0,146.2,52.9,20.0,163.2
144,218.7,86.3,73.6,20.0,20.0,20.0,319.0,732.3,450.3,448.4,94.4,102.3,258.5,199.1,270.4,280.6,266.8,92.2,20.0,1360.4,190.8,20.0,149.8,20.0,277.7,2548.0,20.0,20.0,20.0,193.1,157.0,206.4,275.1,20.0,3189.7,683.9,333.4,102.5,2932.8,621.5,87.7,253.7,2317.3,232.7,20.0,652.8,20.0,115.5,109.2,20.0,104.1
145,124.5,163.5,20.0,208.6,246.0,110.7,20.0,946.1,436.9,161.9,100.3,174.9,282.5,260.2,266.6,231.9,463.1,223.5,163.6,1335.7,101.9,119.8,139.0,104.2,230.9,2146.9,366.5,571.5,120.7,20.0,20.0,238.4,120.3,232.0,1960.8,326.5,128.4,100.9,5703.9,20.0,377.5,76.5,26.5,237.6,226.0,627.8,20.0,123.1,20.0,20.0,209.1
146,20.0,640.0,20.0,174.4,20.0,154.6,20.0,234.2,20.0,283.6,96.1,20.0,20.0,374.5,20.0,20.0,20.0,97.8,20.0,963.6,63.5,468.0,36.0,143.0,20.0,56.4,540.3,1217.2,20.0,88.9,231.0,161.2,147.9,20.0,3725.4,384.8,91.8,85.0,280.1,123.1,323.1,34.8,881.8,145.9,31.3,1125.5,369.5,59.9,117.9,20.0,279.2
147,284.3,638.3,206.0,20.0,20.0,20.0,476.4,652.7,20.0,657.9,80.3,135.5,375.2,20.0,20.0,344.4,654.6,49.5,80.3,1380.3,106.3,487.1,386.9,176.1,252.9,76.0,616.7,1379.2,20.0,244.7,193.7,145.7,115.6,20.0,2759.8,502.2,211.4,42.4,1144.8,598.7,292.6,20.0,1342.4,297.4,184.6,989.4,705.4,161.1,49.5,20.0,121.1
148,20.0,504.5,245.8,181.9,181.6,265.1,228.2,787.4,534.1,196.6,153.3,96.9,332.4,480.6,217.9,214.7,530.0,146.9,85.8,785.9,20.0,493.2,141.4,254.3,257.8,331.1,261.6,561.0,121.0,152.6,296.5,54.5,255.8,294.1,3103.3,375.6,155.4,76.4,752.0,20.0,348.2,116.8,1230.5,189.5,190.1,768.9,478.2,114.3,20.0,20.0,143.7
149,20.0,20.0,20.0,20.0,20.0,20.0,20.0,20.0,20.0,20.0,20.0,20.0,20.0,524.7,20.0,20.0,20.0,20.0,20.0,20.0,32.9,20.0,51.6,219.2,481.4,422.6,155.6,305.6,53.0,20.0,212.0,59.4,20.0,20.0,2624.1,115.9,27.7,67.2,548.5,20.0,457.3,53.7,450.3,58.6,20.0,997.8,228.0,164.0,20.0,20.0,20.0
150,20.0,20.0,20.0,20.0,20.0,20.0,20.0,1045.1,20.0,20.0,20.0,20.0,20.0,20.0,20.0,20.0,20.0,20.0,39.1,1064.5,20.0,20.0,126.1,20.0,20.0,128.7,78.1,157.9,27.9,20.0,128.0,20.0,239.5,20.0,20.0,58.0,44.8,47.7,1740.5,20.0,20.0,20.0,78.6,20.3,85.1,20.0,65.3,20.0,25.1,303.1,144.7
151,405.7,20.0,20.0,20.0,20.0,20.0,20.0,20.0,20.0,746.9,20.0,20.0,20.0,20.0,158.1,20.0,20.0,20.0,20.0,20.0,34.6,301.1,109.0,20.0,20.0,61.7,90.3,146.8,60.9,52.4,20.0,26.4,86.4,20.0,3681.5,75.2,22.1,74.1,1725.4,20.0,295.4,24.7,34.2,78.8,28.6,1172.3,26.0,20.0,20.0,316.3,20.0
152,20.0,20.0,20.0,20.0,20.0,20.0,20.0,20.0,20.0,497.3,20.0,20.0,20.0,524.1,20.0,20.0,20.0,20.0,20.0,1252.0,24.0,20.0,24.5,20.0,20.0,27.2,124.3,218.3,20.8,20.0,20.0,20.0,83.1,20.0,2574.5,69.8,20.0,57.8,141.9,61.2,20.0,20.0,225.0,47.0,29.9,20.0,111.1,41.9,20.0,20.0,20.0
153,20.0,20.0,56.7,20.0,20.0,20.0,20.0,20.0,20.0,20.0,20.0,20.0,20.0,20.0,162.1,20.0,20.0,20.0,20.0,20.0,78.6,186.4,20.0,206.1,20.0,382.9,161.0,138.1,57.5,20.0,20.0,48.3,92.4,433.8,20.0,132.4,62.8,20.0,414.8,62.5,20.0,20.0,116.0,76.0,39.0,20.0,87.8,20.0,29.4,20.0,20.0
154,20.0,20.0,21.4,20.0,20.0,20.0,20.0,1080.2,20.0,20.0,20.0,20.0,20.0,20.0,20.0,20.0,20.0,20.0,28.5,975.1,20.0,20.0,79.1,20.0,20.0,880.5,226.1,475.7,50.7,48.7,20.0,70.7,48.0,286.8,20.0,213.5,20.0,20.0,1737.0,128.5,20.0,20.0,129.1,97.7,161.0,20.0,145.1,156.4,20.0,20.0,20.0
155,20.0,20.0,20.0,20.0,20.0,20.0,20.0,20.0,20.0,20.0,20.0,20.0,20.0,20.0,60.1,20.0,20.0,20.0,20.0,1397.4,41.5,95.1,30.0,20.0,20.0,218.3,91.0,186.4,43.2,20.0,225.3,20.0,72.1,20.0,20.0,74.3,20.0,99.4,544.7,20.0,20.0,20.0,37.2,78.7,20.0,20.0,154.8,20.0,20.0,20.0,20.0
156,20.0,619.3,56.4,20.0,20.0,109.3,20.0,20.0,705.9,20.0,20.0,172.4,20.0,146.8,284.0,20.0,251.7,20.0,20.0,20.0,108.2,20.0,58.4,20.0,20.0,20.0,185.0,274.5,43.9,20.0,196.9,104.8,20.0,20.0,20.0,64.6,25.2,111.5,20.0,30.3,20.0,20.0,125.8,126.1,20.0,509.4,132.5,93.4,20.0,20.0,20.0
157,20.0,20.0,36.8,20.0,20.0,20.0,20.0,20.0,20.0,20.0,20.0,20.0,20.0,20.0,20.0,20.0,20.0,20.0,20.0,1070.6,44.0,20.0,39.6,20.0,20.0,150.9,175.6,311.7,36.1,20.0,20.0,20.0,139.7,20.0,4268.2,65.0,20.0,81.5,674.5,20.0,472.2,27.6,119.5,67.4,20.0,1203.2,222.9,82.9,20.0,20.0,20.0
158,20.0,20.0,20.0,20.0,20.0,20.0,20.0,20.0,20.0,20.0,20.0,20.0,20.0,20.0,20.0,20.0,20.0,20.0,20.0,20.0,46.6,20.0,84.6,201.5,20.0,84.2,53.0,62.7,61.0,29.4,20.0,20.0,102.8,20.0,20.0,35.3,20.0,117.0,72.3,20.0,20.0,27.1,103.0,80.8,20.0,20.0,129.7,20.0,20.0,20.0,20.0
159,20.0,20.0,36.8,20.0,20.0,20.0,20.0,20.0,20.0,20.0,20.0,122.0,20.0,20.0,20.0,20.0,20.0,20.0,20.0,20.0,38.8,175.4,30.9,20.0,20.0,422.3,94.2,208.3,104.0,49.7,20.0,20.0,42.9,20.0,20.0,71.3,68.3,20.0,1353.1,20.0,20.0,111.5,549.0,42.0,20.0,20.0,409.6,20.0,20.0,20.0,20.0
160,20.0,20.0,20.0,20.0,20.0,20.0,20.0,20.0,20.0,20.0,20.0,20.0,20.0,20.0,20.0,20.0,20.0,20.0,20.0,1427.4,20.0,233.2,30.7,20.0,20.0,254.4,108.7,141.3,47.7,20.0,20.0,92.9,63.9,396.1,20.0,110.1,65.5,20.0,1067.2,20.0,20.0,29.7,20.0,83.1,20.0,20.0,182.2,20.0,20.0,20.0,20.0
161,20.0,20.0,81.1,20.0,20.0,20.0,20.0,20.0,20.0,20.0,20.0,20.0,20.0,20.0,20.0,20.0,20.0,20.0,41.1,20.0,20.0,428.1,20.0,20.0,20.0,571.3,124.1,210.9,20.3,20.0,20.0,20.0,117.5,20.0,20.0,50.6,33.7,20.0,2041.7,111.5,20.0,20.0,677.3,33.4,447.9,20.0,772.0,20.0,20.0,163.6,20.0
162,20.0,20.0,35.4,202.8,20.0,20.0,20.0,20.0,20.0,20.0,20.0,121.9,20.0,20.0,20.0,20.0,20.0,131.1,20.0,20.0,20.0,20.0,33.3,20.0,20.0,20.0,222.1,162.6,66.7,20.0,20.0,45.2,58.8,20.0,20.0,191.4,20.0,20.0,20.0,20.0,20.0,20.0,20.0,61.3,20.0,20.0,81.2,20.0,20.0,20.0,20.0
163,20.0,20.0,20.0,20.0,20.0,20.0,20.0,530.7,20.0,20.0,90.3,20.0,20.0,20.0,20.0,20.0,20.0,20.0,20.0,852.3,20.0,20.0,154.1,240.8,20.0,115.2,83.9,187.5,163.6,35.1,20.0,22.5,214.0,449.2,20.0,49.6,27.0,134.8,194.4,20.0,339.1,63.8,79.8,73.7,20.0,20.0,20.0,20.0,23.4,20.0,20.0
164,20.0,20.0,20.0,20.0,20.0,20.0,20.0,20.0,20.0,20.0,20.0,20.0,20.0,20.0,20.0,20.0,20.0,20.0,20.0,20.0,20.0,311.9,78.6,20.0,20.0,58.5,64.7,77.1,171.7,33.6,20.0,20.0,59.6,20.0,20.0,49.6,25.0,72.3,1349.4,20.0,20.0,301.5,36.2,73.2,37.3,20.0,20.0,89.8,20.0,20.0,20.0
165,175.2,535.3,285.3,179.4,181.2,110.9,20.0,1093.8,752.7,20.0,83.6,183.8,513.7,345.5,107.4,20.0,464.0,156.3,107.4,682.4,116.3,20.0,56.0,224.4,20.0,20.0,20.0,20.0,20.0,274.1,150.8,218.9,207.1,223.8,4220.0,153.1,70.4,135.1,20.0,466.7,397.2,49.1,739.9,146.8,166.2,620.7,556.9,47.3,54.3,20.0,301.5
166,299.0,610.6,74.0,80.1,328.6,20.0,321.8,1220.8,20.0,744.2,73.2,154.2,385.6,334.0,230.5,299.2,20.0,61.5,186.9,713.1,196.9,499.1,233.5,145.8,20.0,20.0,946.1,20.0,65.1,20.0,265.9,37.9,63.5,209.6,3720.2,587.4,140.8,20.0,20.0,676.5,375.6,121.5,2282.1,20.0,20.0,1082.2,20.0,147.7,109.6,20.0,190.8
167,20.0,267.2,428.2,20.0,20.0,20.0,20.0,552.3,676.6,20.0,117.1,20.0,20.0,20.0,224.0,20.0,489.6,197.9,197.0,669.4,20.0,20.0,91.2,178.9,181.8,2301.2,939.6,20.0,81.6,132.6,231.3,20.0,117.6,20.0,3271.4,706.1,213.5,20.0,4285.9,171.0,243.9,20.0,1635.2,174.1,209.6,1123.2,1216.6,193.9,51.3,20.0,78.0
168,526.4,575.2,39.0,168.8,20.0,117.3,20.0,531.5,868.2,510.4,85.1,192.3,20.0,369.6,20.0,20.0,637.2,214.7,145.1,1450.5,131.3,20.0,323.3,20.0,20.0,386.1,735.8,1408.7,297.0,62.3,249.1,178.9,267.2,20.0,2369.5,399.8,177.0,79.8,2633.2,551.4,313.6,20.0,1124.4,274.4,228.6,675.2,528.3,142.5,121.2,196.0,150.7
169,384.2,418.9,25.6,20.0,352.4,253.5,523.5,712.8,613.6,20.0,91.9,145.4,545.1,511.3,221.1,304.5,424.6,249.0,114.9,900.2,168.2,20.0,449.6,175.8,465.5,747.3,20.0,20.0,314.0,90.4,209.3,239.4,223.1,282.4,4293.2,435.2,194.7,111.0,1511.0,728.8,482.3,256.7,1587.4,20.0,295.4,1038.8,772.7,181.8,76.3,20.0,229.4
170,300.9,442.3,136.1,86.2,187.5,133.9,420.7,899.0,813.2,174.8,142.9,70.4,204.3,252.5,268.8,221.6,496.4,57.0,134.0,1277.7,257.0,280.2,253.2,133.0,20.0,481.3,20.0,20.0,111.7,233.0,274.7,20.0,149.2,300.0,4553.3,605.2,206.9,20.0,2234.4,475.2,461.0,167.7,20.0,20.0,307.5,1148.7,20.0,75.5,20.0,20.0,297.4
171,596.3,471.9,99.7,20.0,20.0,20.0,20.0,924.6,891.1,572.0,88.9,20.0,20.0,20.0,20.0,20.0,488.2,143.4,92.5,1038.0,68.0,20.0,225.7,20.0,305.6,2642.7,653.6,1123.1,119.2,86.8,296.7,190.2,182.7,20.0,3157.9,155.8,48.9,58.1,2859.7,595.1,330.9,191.6,942.8,20.0,183.5,712.1,323.8,156.4,61.0,20.0,76.1
172,216.5,20.0,45.8,167.9,115.6,129.4,290.5,20.0,20.0,390.3,181.3,136.1,536.3,20.0,175.5,274.2,20.0,225.4,20.0,782.9,98.9,20.0,111.2,103.8,332.5,4088.4,293.7,492.9,146.5,270.0,20.0,86.1,192.0,270.2,1406.5,146.5,52.3,20.0,4007.9,20.0,337.2,162.3,363.4,119.6,95.9,20.0,320.9,124.0,107.1,20.0,248.6
173,20.0,20.0,49.6,86.4,30.4,76.0,85.9,795.8,316.6,20.0,164.1,121.4,282.0,131.4,26.4,43.2,340.8,199.1,20.0,873.6,20.0,150.3,51.8,110.9,230.8,20.0,66.4,63.4,61.4,145.8,266.8,99.7,20.0,195.8,2671.9,20.0,463.0,117.2,337.9,20.0,361.8,25.1,36.8,290.8,54.6,581.5,33.5,76.4,20.0,20.0,312.6
174,284.7,630.4,103.7,20.0,283.9,20.0,20.0,775.8,834.0,20.0,115.3,20.0,468.8,20.0,176.0,415.0,558.1,20.0,20.0,1215.0,183.6,354.4,161.3,20.0,468.5,567.9,838.9,1477.1,301.6,260.9,20.0,86.9,181.1,362.9,3669.0,686.3,290.2,130.2,2271.4,440.1,277.9,133.5,964.5,339.5,83.2,1096.3,464.9,104.4,118.6,20.0,85.5
175,194.7,72.7,190.9,114.3,20.0,103.4,185.9,810.5,351.3,20.0,57.0,79.7,265.5,86.8,99.9,321.0,359.3,306.5,20.0,805.3,65.8,140.1,115.2,119.5,449.4,2168.3,919.1,1406.7,180.2,20.0,279.7,197.2,199.0,267.8,2677.8,20.0,20.0,105.6,2770.3,680.0,243.9,96.9,20.0,305.7,44.3,495.7,20.0,100.9,40.4,20.0,239.2
176,237.5,20.0,256.2,147.8,418.0,20.0,20.0,20.0,20.0,532.0,40.7,97.9,573.9,20.0,210.0,20.0,430.6,70.5,20.0,983.5,20.0,251.7,139.4,111.6,420.7,20.0,73.1,134.1,20.0,56.8,157.6,221.3,215.8,234.5,3587.4,115.3,20.0,101.1,20.0,357.9,270.4,70.9,1918.3,141.1,290.8,1290.3,20.0,131.0,48.3,20.0,279.5
177,317.8,22.1,20.0,141.8,412.5,107.1,373.6,674.3,425.2,661.7,82.7,166.5,350.6,190.1,20.0,20.0,274.1,96.5,58.4,1009.0,231.4,233.8,87.0,147.1,20.0,1777.4,156.3,366.1,34.6,131.6,20.0,138.1,251.9,20.0,3009.2,20.0,20.0,89.3,4024.2,376.9,257.3,193.1,20.0,225.5,167.1,379.1,20.0,95.9,32.6,20.0,97.8
178,420.3,617.9,20.0,144.7,322.0,197.3,467.3,20.0,616.4,664.7,134.8,152.9,493.1,415.1,157.3,403.2,508.3,220.6,75.0,1201.3,126.8,319.8,20.0,192.4,20.0,1435.3,592.8,993.0,59.3,133.3,269.5,298.1,227.0,279.6,3084.4,239.8,126.2,88.4,2487.6,695.6,331.4,140.6,1119.6,263.3,54.1,962.8,564.9,20.0,20.0,20.0,216.7
179,419.6,534.4,37.7,20.0,20.0,20.0,20.0,223.4,842.1,433.0,184.6,161.5,20.0,20.0,20.0,20.0,641.7,325.9,22.0,757.3,100.0,441.1,307.4,117.5,263.0,1632.8,298.8,665.5,159.6,90.9,242.2,93.3,156.8,20.0,2555.1,322.6,153.5,74.5,4111.9,186.2,423.2,20.0,528.7,146.9,322.6,689.0,279.0,20.0,39.4,20.0,175.2
180,98.3,20.0,20.0,95.1,31.3,128.4,126.6,20.0,883.6,20.0,146.4,78.6,88.0,232.5,20.0,98.1,595.2,130.4,216.5,542.1,20.0,20.0,42.7,176.7,308.8,397.7,375.2,688.6,70.6,20.0,20.0,20.0,47.1,318.5,20.0,89.8,24.6,20.0,929.2,20.0,20.0,100.3,311.2,140.1,21.0,1344.8,393.9,89.5,139.4,20.0,265.7
